RoomId,RoomNumber,RoomName,Level,Area (SF),Volume (CF),Room Location X (ft),Room Location Y (ft),Room Location Z (ft),Boundary Loop,Segment Index,Start X (ft),Start Y (ft),Start Z (ft),End X (ft),End Y (ft),End Z (ft),Boundary Element Id
1437284,117,Room Name 117,L -1,2061.427,20592.796,79.34,155.177,-15,1,1,124.465,141.01,-15,124.465,158.249,-15,1403659
1437284,117,Room Name 117,L -1,2061.427,20592.796,79.34,155.177,-15,1,2,124.465,158.249,-15,125.111,158.249,-15,
1437284,117,Room Name 117,L -1,2061.427,20592.796,79.34,155.177,-15,1,3,125.111,158.249,-15,125.111,168.249,-15,2442209
1437284,117,Room Name 117,L -1,2061.427,20592.796,79.34,155.177,-15,1,4,125.111,168.249,-15,124.465,168.249,-15,
1437284,117,Room Name 117,L -1,2061.427,20592.796,79.34,155.177,-15,1,5,124.465,168.249,-15,124.465,169.333,-15,1992635
1437284,117,Room Name 117,L -1,2061.427,20592.796,79.34,155.177,-15,1,6,124.465,169.333,-15,118.965,169.333,-15,1407241
1437284,117,Room Name 117,L -1,2061.427,20592.796,79.34,155.177,-15,1,7,118.965,169.333,-15,118.965,169.999,-15,
1437284,117,Room Name 117,L -1,2061.427,20592.796,79.34,155.177,-15,1,8,118.965,169.999,-15,111.465,169.999,-15,2443578
1437284,117,Room Name 117,L -1,2061.427,20592.796,79.34,155.177,-15,1,9,111.465,169.999,-15,111.465,169.333,-15,
1437284,117,Room Name 117,L -1,2061.427,20592.796,79.34,155.177,-15,1,10,111.465,169.333,-15,110.611,169.333,-15,1943544
1437284,117,Room Name 117,L -1,2061.427,20592.796,79.34,155.177,-15,1,11,110.611,169.333,-15,109.486,169.333,-15,
1437284,117,Room Name 117,L -1,2061.427,20592.796,79.34,155.177,-15,1,12,109.486,169.333,-15,104.465,169.333,-15,1943499
1437284,117,Room Name 117,L -1,2061.427,20592.796,79.34,155.177,-15,1,13,104.465,169.333,-15,104.465,169.999,-15,
1437284,117,Room Name 117,L -1,2061.427,20592.796,79.34,155.177,-15,1,14,104.465,169.999,-15,96.965,169.999,-15,2443386
1437284,117,Room Name 117,L -1,2061.427,20592.796,79.34,155.177,-15,1,15,96.965,169.999,-15,96.965,169.333,-15,
1437284,117,Room Name 117,L -1,2061.427,20592.796,79.34,155.177,-15,1,16,96.965,169.333,-15,96.111,169.333,-15,1943574
1437284,117,Room Name 117,L -1,2061.427,20592.796,79.34,155.177,-15,1,17,96.111,169.333,-15,94.986,169.322,-15,
1437284,117,Room Name 117,L -1,2061.427,20592.796,79.34,155.177,-15,1,18,94.986,169.322,-15,81.611,169.322,-15,1943630
1437284,117,Room Name 117,L -1,2061.427,20592.796,79.34,155.177,-15,1,19,81.611,169.322,-15,80.486,169.333,-15,
1437284,117,Room Name 117,L -1,2061.427,20592.796,79.34,155.177,-15,1,20,80.486,169.333,-15,79.632,169.333,-15,1943683
1437284,117,Room Name 117,L -1,2061.427,20592.796,79.34,155.177,-15,1,21,79.632,169.333,-15,79.632,169.999,-15,
1437284,117,Room Name 117,L -1,2061.427,20592.796,79.34,155.177,-15,1,22,79.632,169.999,-15,72.132,169.999,-15,2442573
1437284,117,Room Name 117,L -1,2061.427,20592.796,79.34,155.177,-15,1,23,72.132,169.999,-15,72.132,169.333,-15,
1437284,117,Room Name 117,L -1,2061.427,20592.796,79.34,155.177,-15,1,24,72.132,169.333,-15,67.111,169.333,-15,1943723
1437284,117,Room Name 117,L -1,2061.427,20592.796,79.34,155.177,-15,1,25,67.111,169.333,-15,65.986,169.333,-15,
1437284,117,Room Name 117,L -1,2061.427,20592.796,79.34,155.177,-15,1,26,65.986,169.333,-15,65.132,169.333,-15,1943755
1437284,117,Room Name 117,L -1,2061.427,20592.796,79.34,155.177,-15,1,27,65.132,169.333,-15,65.132,169.999,-15,
1437284,117,Room Name 117,L -1,2061.427,20592.796,79.34,155.177,-15,1,28,65.132,169.999,-15,57.632,169.999,-15,2442781
1437284,117,Room Name 117,L -1,2061.427,20592.796,79.34,155.177,-15,1,29,57.632,169.999,-15,57.632,169.333,-15,
1437284,117,Room Name 117,L -1,2061.427,20592.796,79.34,155.177,-15,1,30,57.632,169.333,-15,52.611,169.333,-15,1943797
1437284,117,Room Name 117,L -1,2061.427,20592.796,79.34,155.177,-15,1,31,52.611,169.333,-15,52.611,169.104,-15,1438015
1437284,117,Room Name 117,L -1,2061.427,20592.796,79.34,155.177,-15,1,32,52.611,169.104,-15,52.611,141.229,-15,1438015
1437284,117,Room Name 117,L -1,2061.427,20592.796,79.34,155.177,-15,1,33,52.611,141.229,-15,52.611,141.01,-15,1438015
1437284,117,Room Name 117,L -1,2061.427,20592.796,79.34,155.177,-15,1,34,52.611,141.01,-15,65.986,141.01,-15,1781235
1437284,117,Room Name 117,L -1,2061.427,20592.796,79.34,155.177,-15,1,35,65.986,141.01,-15,67.111,141.01,-15,
1437284,117,Room Name 117,L -1,2061.427,20592.796,79.34,155.177,-15,1,36,67.111,141.01,-15,80.486,141.01,-15,1781357
1437284,117,Room Name 117,L -1,2061.427,20592.796,79.34,155.177,-15,1,37,80.486,141.01,-15,81.611,141.01,-15,
1437284,117,Room Name 117,L -1,2061.427,20592.796,79.34,155.177,-15,1,38,81.611,141.01,-15,94.986,141.01,-15,1944371
1437284,117,Room Name 117,L -1,2061.427,20592.796,79.34,155.177,-15,1,39,94.986,141.01,-15,96.111,141.01,-15,
1437284,117,Room Name 117,L -1,2061.427,20592.796,79.34,155.177,-15,1,40,96.111,141.01,-15,109.486,141.01,-15,1944285
1437284,117,Room Name 117,L -1,2061.427,20592.796,79.34,155.177,-15,1,41,109.486,141.01,-15,110.611,141.01,-15,
1437284,117,Room Name 117,L -1,2061.427,20592.796,79.34,155.177,-15,1,42,110.611,141.01,-15,124.465,141.01,-15,1944229
1773253,193,Room Name 193,L -1,22.58,225.563,113.726,186.224,-15,1,1,117.07,187.886,-15,110.382,187.886,-15,1537404
1773253,193,Room Name 193,L -1,22.58,225.563,113.726,186.224,-15,1,2,110.382,187.886,-15,110.382,184.51,-15,1537901
1773253,193,Room Name 193,L -1,22.58,225.563,113.726,186.224,-15,1,3,110.382,184.51,-15,117.07,184.51,-15,2179040
1773253,193,Room Name 193,L -1,22.58,225.563,113.726,186.224,-15,1,4,117.07,184.51,-15,117.07,187.886,-15,1537528
1773254,194,Room Name 194,L -1,273.947,2736.637,68.688,191.645,-15,1,1,71.765,198.562,-15,67.382,198.562,-15,1404538
1773254,194,Room Name 194,L -1,273.947,2736.637,68.688,191.645,-15,1,2,67.382,198.562,-15,67.382,198.666,-15,
1773254,194,Room Name 194,L -1,273.947,2736.637,68.688,191.645,-15,1,3,67.382,198.666,-15,67.111,198.666,-15,1437564
1773254,194,Room Name 194,L -1,273.947,2736.637,68.688,191.645,-15,1,4,67.111,198.666,-15,67,198.666,-15,1437564
1773254,194,Room Name 194,L -1,273.947,2736.637,68.688,191.645,-15,1,5,67,198.666,-15,66.096,198.666,-15,1437564
1773254,194,Room Name 194,L -1,273.947,2736.637,68.688,191.645,-15,1,6,66.096,198.666,-15,65.986,198.666,-15,1437564
1773254,194,Room Name 194,L -1,273.947,2736.637,68.688,191.645,-15,1,7,65.986,198.666,-15,52.611,198.666,-15,1437564
1773254,194,Room Name 194,L -1,273.947,2736.637,68.688,191.645,-15,1,8,52.611,198.666,-15,52.382,198.666,-15,1437564
1773254,194,Room Name 194,L -1,273.947,2736.637,68.688,191.645,-15,1,9,52.382,198.666,-15,52.382,192.499,-15,1615046
1773254,194,Room Name 194,L -1,273.947,2736.637,68.688,191.645,-15,1,10,52.382,192.499,-15,52.382,184.51,-15,1615046
1773254,194,Room Name 194,L -1,273.947,2736.637,68.688,191.645,-15,1,11,52.382,184.51,-15,71.765,184.51,-15,1516212
1773254,194,Room Name 194,L -1,273.947,2736.637,68.688,191.645,-15,1,12,71.765,184.51,-15,71.765,198.562,-15,1992218
1773256,196,Room Name 196,L -1,406.151,4057.31,30.298,191.416,-15,1,1,9.111,198.666,-15,8.882,198.666,-15,1437564
1773256,196,Room Name 196,L -1,406.151,4057.31,30.298,191.416,-15,1,2,8.882,198.666,-15,8.882,184.166,-15,1516246
1773256,196,Room Name 196,L -1,406.151,4057.31,30.298,191.416,-15,1,3,8.882,184.166,-15,23.611,184.166,-15,1438539
1773256,196,Room Name 196,L -1,406.151,4057.31,30.298,191.416,-15,1,4,23.611,184.166,-15,23.611,184.499,-15,
1773256,196,Room Name 196,L -1,406.151,4057.31,30.298,191.416,-15,1,5,23.611,184.499,-15,26.765,184.499,-15,1516005
1773256,196,Room Name 196,L -1,406.151,4057.31,30.298,191.416,-15,1,6,26.765,184.499,-15,30.765,184.499,-15,1516005
1773256,196,Room Name 196,L -1,406.151,4057.31,30.298,191.416,-15,1,7,30.765,184.499,-15,37.204,184.499,-15,1516005
1773256,196,Room Name 196,L -1,406.151,4057.31,30.298,191.416,-15,1,8,37.204,184.499,-15,37.204,192.499,-15,2000202
1773256,196,Room Name 196,L -1,406.151,4057.31,30.298,191.416,-15,1,9,37.204,192.499,-15,37.204,198.666,-15,2000202
1773256,196,Room Name 196,L -1,406.151,4057.31,30.298,191.416,-15,1,10,37.204,198.666,-15,36.986,198.666,-15,1437564
1773256,196,Room Name 196,L -1,406.151,4057.31,30.298,191.416,-15,1,11,36.986,198.666,-15,23.611,198.666,-15,1437564
1773256,196,Room Name 196,L -1,406.151,4057.31,30.298,191.416,-15,1,12,23.611,198.666,-15,22.486,198.666,-15,1437564
1773256,196,Room Name 196,L -1,406.151,4057.31,30.298,191.416,-15,1,13,22.486,198.666,-15,9.111,198.666,-15,1437564
1403234,110,Room Name 110,L 0,1841.909,18399.9,79.648,152.727,0,1,1,109.715,154.833,0,109.715,169.666,0,1352336
1403234,110,Room Name 110,L 0,1841.909,18399.9,79.648,152.727,0,1,2,109.715,169.666,0,109.486,169.666,0,1780464
1403234,110,Room Name 110,L 0,1841.909,18399.9,79.648,152.727,0,1,3,109.486,169.666,0,109.486,169.333,0,
1403234,110,Room Name 110,L 0,1841.909,18399.9,79.648,152.727,0,1,4,109.486,169.333,0,104.465,169.333,0,1776593
1403234,110,Room Name 110,L 0,1841.909,18399.9,79.648,152.727,0,1,5,104.465,169.333,0,104.465,169.666,0,
1403234,110,Room Name 110,L 0,1841.909,18399.9,79.648,152.727,0,1,6,104.465,169.666,0,96.965,169.666,0,1780464
1403234,110,Room Name 110,L 0,1841.909,18399.9,79.648,152.727,0,1,7,96.965,169.666,0,96.965,169.333,0,
1403234,110,Room Name 110,L 0,1841.909,18399.9,79.648,152.727,0,1,8,96.965,169.333,0,96.111,169.333,0,1776493
1403234,110,Room Name 110,L 0,1841.909,18399.9,79.648,152.727,0,1,9,96.111,169.333,0,96.111,169.666,0,
1403234,110,Room Name 110,L 0,1841.909,18399.9,79.648,152.727,0,1,10,96.111,169.666,0,94.986,169.666,0,1780464
1403234,110,Room Name 110,L 0,1841.909,18399.9,79.648,152.727,0,1,11,94.986,169.666,0,94.986,169.322,0,
1403234,110,Room Name 110,L 0,1841.909,18399.9,79.648,152.727,0,1,12,94.986,169.322,0,81.611,169.322,0,1776411
1403234,110,Room Name 110,L 0,1841.909,18399.9,79.648,152.727,0,1,13,81.611,169.322,0,81.611,169.666,0,
1403234,110,Room Name 110,L 0,1841.909,18399.9,79.648,152.727,0,1,14,81.611,169.666,0,80.486,169.666,0,1780464
1403234,110,Room Name 110,L 0,1841.909,18399.9,79.648,152.727,0,1,15,80.486,169.666,0,80.486,169.333,0,
1403234,110,Room Name 110,L 0,1841.909,18399.9,79.648,152.727,0,1,16,80.486,169.333,0,79.632,169.333,0,1776273
1403234,110,Room Name 110,L 0,1841.909,18399.9,79.648,152.727,0,1,17,79.632,169.333,0,79.632,169.666,0,
1403234,110,Room Name 110,L 0,1841.909,18399.9,79.648,152.727,0,1,18,79.632,169.666,0,72.132,169.666,0,1780464
1403234,110,Room Name 110,L 0,1841.909,18399.9,79.648,152.727,0,1,19,72.132,169.666,0,72.132,169.333,0,
1403234,110,Room Name 110,L 0,1841.909,18399.9,79.648,152.727,0,1,20,72.132,169.333,0,67.111,169.333,0,1776203
1403234,110,Room Name 110,L 0,1841.909,18399.9,79.648,152.727,0,1,21,67.111,169.333,0,67.111,169.666,0,
1403234,110,Room Name 110,L 0,1841.909,18399.9,79.648,152.727,0,1,22,67.111,169.666,0,65.986,169.666,0,1780464
1403234,110,Room Name 110,L 0,1841.909,18399.9,79.648,152.727,0,1,23,65.986,169.666,0,65.986,169.333,0,
1403234,110,Room Name 110,L 0,1841.909,18399.9,79.648,152.727,0,1,24,65.986,169.333,0,65.132,169.333,0,1776132
1403234,110,Room Name 110,L 0,1841.909,18399.9,79.648,152.727,0,1,25,65.132,169.333,0,65.132,169.666,0,
1403234,110,Room Name 110,L 0,1841.909,18399.9,79.648,152.727,0,1,26,65.132,169.666,0,57.632,169.666,0,1780464
1403234,110,Room Name 110,L 0,1841.909,18399.9,79.648,152.727,0,1,27,57.632,169.666,0,57.632,169.333,0,
1403234,110,Room Name 110,L 0,1841.909,18399.9,79.648,152.727,0,1,28,57.632,169.333,0,52.611,169.333,0,1776011
1403234,110,Room Name 110,L 0,1841.909,18399.9,79.648,152.727,0,1,29,52.611,169.333,0,52.611,169.666,0,
1403234,110,Room Name 110,L 0,1841.909,18399.9,79.648,152.727,0,1,30,52.611,169.666,0,51.548,169.666,0,1780464
1403234,110,Room Name 110,L 0,1841.909,18399.9,79.648,152.727,0,1,31,51.548,169.666,0,51.548,169.104,0,1780566
1403234,110,Room Name 110,L 0,1841.909,18399.9,79.648,152.727,0,1,32,51.548,169.104,0,52.382,169.104,0,
1403234,110,Room Name 110,L 0,1841.909,18399.9,79.648,152.727,0,1,33,52.382,169.104,0,52.382,168.249,0,2175262
1403234,110,Room Name 110,L 0,1841.909,18399.9,79.648,152.727,0,1,34,52.382,168.249,0,51.715,168.249,0,
1403234,110,Room Name 110,L 0,1841.909,18399.9,79.648,152.727,0,1,35,51.715,168.249,0,51.715,160.749,0,2437537
1403234,110,Room Name 110,L 0,1841.909,18399.9,79.648,152.727,0,1,36,51.715,160.749,0,52.382,160.749,0,
1403234,110,Room Name 110,L 0,1841.909,18399.9,79.648,152.727,0,1,37,52.382,160.749,0,52.382,141.229,0,1949173
1403234,110,Room Name 110,L 0,1841.909,18399.9,79.648,152.727,0,1,38,52.382,141.229,0,51.548,141.229,0,
1403234,110,Room Name 110,L 0,1841.909,18399.9,79.648,152.727,0,1,39,51.548,141.229,0,51.548,140.666,0,1780566
1403234,110,Room Name 110,L 0,1841.909,18399.9,79.648,152.727,0,1,40,51.548,140.666,0,52.048,140.666,0,1438966
1403234,110,Room Name 110,L 0,1841.909,18399.9,79.648,152.727,0,1,41,52.048,140.666,0,52.048,141.01,0,
1403234,110,Room Name 110,L 0,1841.909,18399.9,79.648,152.727,0,1,42,52.048,141.01,0,66.215,141.01,0,1936236
1403234,110,Room Name 110,L 0,1841.909,18399.9,79.648,152.727,0,1,43,66.215,141.01,0,67.111,141.01,0,
1403234,110,Room Name 110,L 0,1841.909,18399.9,79.648,152.727,0,1,44,67.111,141.01,0,80.486,141.01,0,1937506
1403234,110,Room Name 110,L 0,1841.909,18399.9,79.648,152.727,0,1,45,80.486,141.01,0,81.611,141.01,0,
1403234,110,Room Name 110,L 0,1841.909,18399.9,79.648,152.727,0,1,46,81.611,141.01,0,94.986,141.01,0,1937749
1403234,110,Room Name 110,L 0,1841.909,18399.9,79.648,152.727,0,1,47,94.986,141.01,0,96.111,141.01,0,
1403234,110,Room Name 110,L 0,1841.909,18399.9,79.648,152.727,0,1,48,96.111,141.01,0,109.486,141.01,0,1937918
1403234,110,Room Name 110,L 0,1841.909,18399.9,79.648,152.727,0,1,49,109.486,141.01,0,110.611,141.01,0,
1403234,110,Room Name 110,L 0,1841.909,18399.9,79.648,152.727,0,1,50,110.611,141.01,0,124.444,141.01,0,1938089
1403234,110,Room Name 110,L 0,1841.909,18399.9,79.648,152.727,0,1,51,124.444,141.01,0,124.444,154.833,0,1938195
1403234,110,Room Name 110,L 0,1841.909,18399.9,79.648,152.727,0,1,52,124.444,154.833,0,109.715,154.833,0,1403682
1773232,184,Room Name 184,L 0,22.58,225.563,113.726,186.224,0,1,1,110.382,184.51,0,117.07,184.51,0,2178442
1773232,184,Room Name 184,L 0,22.58,225.563,113.726,186.224,0,1,2,117.07,184.51,0,117.07,187.886,0,2181841
1773232,184,Room Name 184,L 0,22.58,225.563,113.726,186.224,0,1,3,117.07,187.886,0,110.382,187.886,0,2182380
1773232,184,Room Name 184,L 0,22.58,225.563,113.726,186.224,0,1,4,110.382,187.886,0,110.382,184.51,0,2181649
1773235,187,Room Name 187,L 0,3235.791,32324.209,73.802,181.001,0,1,1,118.965,170.02,0,124.069,170.02,0,1403081
1773235,187,Room Name 187,L 0,3235.791,32324.209,73.802,181.001,0,1,2,124.069,170.02,0,124.069,169.666,0,
1773235,187,Room Name 187,L 0,3235.791,32324.209,73.802,181.001,0,1,3,124.069,169.666,0,124.548,169.666,0,1780464
1773235,187,Room Name 187,L 0,3235.791,32324.209,73.802,181.001,0,1,4,124.548,169.666,0,124.548,183.822,0,1439911
1773235,187,Room Name 187,L 0,3235.791,32324.209,73.802,181.001,0,1,5,124.548,183.822,0,117.403,183.822,0,2178442
1773235,187,Room Name 187,L 0,3235.791,32324.209,73.802,181.001,0,1,6,117.403,183.822,0,110.048,183.822,0,2178442
1773235,187,Room Name 187,L 0,3235.791,32324.209,73.802,181.001,0,1,7,110.048,183.822,0,101.419,183.822,0,2178442
1773235,187,Room Name 187,L 0,3235.791,32324.209,73.802,181.001,0,1,8,101.419,183.822,0,98.61,183.822,0,2178442
1773235,187,Room Name 187,L 0,3235.791,32324.209,73.802,181.001,0,1,9,98.61,183.822,0,88.402,183.822,0,2200463
1773235,187,Room Name 187,L 0,3235.791,32324.209,73.802,181.001,0,1,10,88.402,183.822,0,77.473,183.822,0,2200463
1773235,187,Room Name 187,L 0,3235.791,32324.209,73.802,181.001,0,1,11,77.473,183.822,0,75.473,183.822,0,2200463
1773235,187,Room Name 187,L 0,3235.791,32324.209,73.802,181.001,0,1,12,75.473,183.822,0,72.099,183.822,0,2200463
1773235,187,Room Name 187,L 0,3235.791,32324.209,73.802,181.001,0,1,13,72.099,183.822,0,66.215,183.822,0,2001613
1773235,187,Room Name 187,L 0,3235.791,32324.209,73.802,181.001,0,1,14,66.215,183.822,0,66.215,198.666,0,1780288
1773235,187,Room Name 187,L 0,3235.791,32324.209,73.802,181.001,0,1,15,66.215,198.666,0,8.548,198.666,0,1439459
1773235,187,Room Name 187,L 0,3235.791,32324.209,73.802,181.001,0,1,16,8.548,198.666,0,8.548,140.666,0,1439166
1773235,187,Room Name 187,L 0,3235.791,32324.209,73.802,181.001,0,1,17,8.548,140.666,0,51.548,140.666,0,1438966
1773235,187,Room Name 187,L 0,3235.791,32324.209,73.802,181.001,0,1,18,51.548,140.666,0,51.548,141.229,0,1780566
1773235,187,Room Name 187,L 0,3235.791,32324.209,73.802,181.001,0,1,19,51.548,141.229,0,51.548,169.104,0,1780566
1773235,187,Room Name 187,L 0,3235.791,32324.209,73.802,181.001,0,1,20,51.548,169.104,0,51.548,169.666,0,1780566
1773235,187,Room Name 187,L 0,3235.791,32324.209,73.802,181.001,0,1,21,51.548,169.666,0,52.611,169.666,0,1780464
1773235,187,Room Name 187,L 0,3235.791,32324.209,73.802,181.001,0,1,22,52.611,169.666,0,52.611,170.02,0,
1773235,187,Room Name 187,L 0,3235.791,32324.209,73.802,181.001,0,1,23,52.611,170.02,0,57.632,170.02,0,1776011
1773235,187,Room Name 187,L 0,3235.791,32324.209,73.802,181.001,0,1,24,57.632,170.02,0,65.132,170.02,0,2434984
1773235,187,Room Name 187,L 0,3235.791,32324.209,73.802,181.001,0,1,25,65.132,170.02,0,65.986,170.02,0,1776132
1773235,187,Room Name 187,L 0,3235.791,32324.209,73.802,181.001,0,1,26,65.986,170.02,0,65.986,169.666,0,
1773235,187,Room Name 187,L 0,3235.791,32324.209,73.802,181.001,0,1,27,65.986,169.666,0,67.111,169.666,0,1780464
1773235,187,Room Name 187,L 0,3235.791,32324.209,73.802,181.001,0,1,28,67.111,169.666,0,67.111,170.02,0,
1773235,187,Room Name 187,L 0,3235.791,32324.209,73.802,181.001,0,1,29,67.111,170.02,0,72.132,170.02,0,1776203
1773235,187,Room Name 187,L 0,3235.791,32324.209,73.802,181.001,0,1,30,72.132,170.02,0,79.632,170.02,0,2437446
1773235,187,Room Name 187,L 0,3235.791,32324.209,73.802,181.001,0,1,31,79.632,170.02,0,80.486,170.02,0,1776273
1773235,187,Room Name 187,L 0,3235.791,32324.209,73.802,181.001,0,1,32,80.486,170.02,0,80.486,169.666,0,
1773235,187,Room Name 187,L 0,3235.791,32324.209,73.802,181.001,0,1,33,80.486,169.666,0,81.611,169.666,0,1780464
1773235,187,Room Name 187,L 0,3235.791,32324.209,73.802,181.001,0,1,34,81.611,169.666,0,81.611,170.01,0,
1773235,187,Room Name 187,L 0,3235.791,32324.209,73.802,181.001,0,1,35,81.611,170.01,0,94.986,170.01,0,1776411
1773235,187,Room Name 187,L 0,3235.791,32324.209,73.802,181.001,0,1,36,94.986,170.01,0,94.986,169.666,0,
1773235,187,Room Name 187,L 0,3235.791,32324.209,73.802,181.001,0,1,37,94.986,169.666,0,96.111,169.666,0,1780464
1773235,187,Room Name 187,L 0,3235.791,32324.209,73.802,181.001,0,1,38,96.111,169.666,0,96.111,170.02,0,
1773235,187,Room Name 187,L 0,3235.791,32324.209,73.802,181.001,0,1,39,96.111,170.02,0,96.965,170.02,0,1776493
1773235,187,Room Name 187,L 0,3235.791,32324.209,73.802,181.001,0,1,40,96.965,170.02,0,104.465,170.02,0,2435659
1773235,187,Room Name 187,L 0,3235.791,32324.209,73.802,181.001,0,1,41,104.465,170.02,0,109.486,170.02,0,1776593
1773235,187,Room Name 187,L 0,3235.791,32324.209,73.802,181.001,0,1,42,109.486,170.02,0,109.486,169.666,0,
1773235,187,Room Name 187,L 0,3235.791,32324.209,73.802,181.001,0,1,43,109.486,169.666,0,110.611,169.666,0,1780464
1773235,187,Room Name 187,L 0,3235.791,32324.209,73.802,181.001,0,1,44,110.611,169.666,0,110.611,170.02,0,
1773235,187,Room Name 187,L 0,3235.791,32324.209,73.802,181.001,0,1,45,110.611,170.02,0,111.465,170.02,0,1775693
1773235,187,Room Name 187,L 0,3235.791,32324.209,73.802,181.001,0,1,46,111.465,170.02,0,118.965,170.02,0,2436436
1773235,187,Room Name 187,L 0,3235.791,32324.209,73.802,181.001,0,2,1,37.892,183.825,0,37.892,179.166,0,2177543
1773235,187,Room Name 187,L 0,3235.791,32324.209,73.802,181.001,0,2,2,37.892,179.166,0,37.548,179.166,0,
1773235,187,Room Name 187,L 0,3235.791,32324.209,73.802,181.001,0,2,3,37.548,179.166,0,37.548,175.156,0,1780664
1773235,187,Room Name 187,L 0,3235.791,32324.209,73.802,181.001,0,2,4,37.548,175.156,0,37.892,175.156,0,
1773235,187,Room Name 187,L 0,3235.791,32324.209,73.802,181.001,0,2,5,37.892,175.156,0,37.892,170.229,0,2177543
1773235,187,Room Name 187,L 0,3235.791,32324.209,73.802,181.001,0,2,6,37.892,170.229,0,37.548,170.229,0,
1773235,187,Room Name 187,L 0,3235.791,32324.209,73.802,181.001,0,2,7,37.548,170.229,0,37.548,169.104,0,1780664
1773235,187,Room Name 187,L 0,3235.791,32324.209,73.802,181.001,0,2,8,37.548,169.104,0,37.892,169.104,0,
1773235,187,Room Name 187,L 0,3235.791,32324.209,73.802,181.001,0,2,9,37.892,169.104,0,37.892,163.624,0,2175569
1773235,187,Room Name 187,L 0,3235.791,32324.209,73.802,181.001,0,2,10,37.892,163.624,0,32.931,163.624,0,2173036
1773235,187,Room Name 187,L 0,3235.791,32324.209,73.802,181.001,0,2,11,32.931,163.624,0,22.931,163.624,0,2437718
1773235,187,Room Name 187,L 0,3235.791,32324.209,73.802,181.001,0,2,12,22.931,163.624,0,15.215,163.624,0,2173303
1773235,187,Room Name 187,L 0,3235.791,32324.209,73.802,181.001,0,2,13,15.215,163.624,0,15.215,163.605,0,
1773235,187,Room Name 187,L 0,3235.791,32324.209,73.802,181.001,0,2,14,15.215,163.605,0,14.528,163.605,0,2438841
1773235,187,Room Name 187,L 0,3235.791,32324.209,73.802,181.001,0,2,15,14.528,163.605,0,14.528,163.979,0,2438232
1773235,187,Room Name 187,L 0,3235.791,32324.209,73.802,181.001,0,2,16,14.528,163.979,0,14.528,173.615,0,2438232
1773235,187,Room Name 187,L 0,3235.791,32324.209,73.802,181.001,0,2,17,14.528,173.615,0,14.549,173.615,0,
1773235,187,Room Name 187,L 0,3235.791,32324.209,73.802,181.001,0,2,18,14.549,173.615,0,14.549,184.499,0,1780662
1773235,187,Room Name 187,L 0,3235.791,32324.209,73.802,181.001,0,2,19,14.549,184.499,0,37.892,184.499,0,1780661
1773235,187,Room Name 187,L 0,3235.791,32324.209,73.802,181.001,0,2,20,37.892,184.499,0,37.892,183.825,0,2177543
1773239,191,Room Name 191,L 0,203.823,2036.106,117.34,162.416,0,1,1,110.382,169.333,0,110.382,155.499,0,1352336
1773239,191,Room Name 191,L 0,203.823,2036.106,117.34,162.416,0,1,2,110.382,155.499,0,124.444,155.499,0,1403682
1773239,191,Room Name 191,L 0,203.823,2036.106,117.34,162.416,0,1,3,124.444,155.499,0,124.444,158.249,0,1938195
1773239,191,Room Name 191,L 0,203.823,2036.106,117.34,162.416,0,1,4,124.444,158.249,0,125.111,158.249,0,
1773239,191,Room Name 191,L 0,203.823,2036.106,117.34,162.416,0,1,5,125.111,158.249,0,125.111,168.249,0,2436843
1773239,191,Room Name 191,L 0,203.823,2036.106,117.34,162.416,0,1,6,125.111,168.249,0,124.444,168.249,0,
1773239,191,Room Name 191,L 0,203.823,2036.106,117.34,162.416,0,1,7,124.444,168.249,0,124.444,169.666,0,2175005
1773239,191,Room Name 191,L 0,203.823,2036.106,117.34,162.416,0,1,8,124.444,169.666,0,124.069,169.666,0,1780464
1773239,191,Room Name 191,L 0,203.823,2036.106,117.34,162.416,0,1,9,124.069,169.666,0,124.069,169.333,0,
1773239,191,Room Name 191,L 0,203.823,2036.106,117.34,162.416,0,1,10,124.069,169.333,0,118.965,169.333,0,1403081
1773239,191,Room Name 191,L 0,203.823,2036.106,117.34,162.416,0,1,11,118.965,169.333,0,118.965,169.666,0,
1773239,191,Room Name 191,L 0,203.823,2036.106,117.34,162.416,0,1,12,118.965,169.666,0,111.465,169.666,0,1780464
1773239,191,Room Name 191,L 0,203.823,2036.106,117.34,162.416,0,1,13,111.465,169.666,0,111.465,169.333,0,
1773239,191,Room Name 191,L 0,203.823,2036.106,117.34,162.416,0,1,14,111.465,169.333,0,110.382,169.333,0,1775693
1773631,213,Room Name 213,L 0,3276.532,32722.149,95.191,230.099,0,1,1,66.777,213.218,0,67.111,213.218,0,
1773631,213,Room Name 213,L 0,3276.532,32722.149,95.191,230.099,0,1,2,67.111,213.218,0,67.111,208.854,0,1502824
1773631,213,Room Name 213,L 0,3276.532,32722.149,95.191,230.099,0,1,3,67.111,208.854,0,67.111,199.447,0,1926527
1773631,213,Room Name 213,L 0,3276.532,32722.149,95.191,230.099,0,1,4,67.111,199.447,0,67.807,199.447,0,2456291
1773631,213,Room Name 213,L 0,3276.532,32722.149,95.191,230.099,0,1,5,67.807,199.447,0,67.807,199.097,0,
1773631,213,Room Name 213,L 0,3276.532,32722.149,95.191,230.099,0,1,6,67.807,199.097,0,71.639,199.097,0,1773607
1773631,213,Room Name 213,L 0,3276.532,32722.149,95.191,230.099,0,1,7,71.639,199.097,0,71.639,199.447,0,
1773631,213,Room Name 213,L 0,3276.532,32722.149,95.191,230.099,0,1,8,71.639,199.447,0,124.548,199.447,0,2456291
1773631,213,Room Name 213,L 0,3276.532,32722.149,95.191,230.099,0,1,9,124.548,199.447,0,124.548,242.916,0,1773608
1773631,213,Room Name 213,L 0,3276.532,32722.149,95.191,230.099,0,1,10,124.548,242.916,0,124.548,252.166,0,1773608
1773631,213,Room Name 213,L 0,3276.532,32722.149,95.191,230.099,0,1,11,124.548,252.166,0,124.548,256.104,0,1773608
1773631,213,Room Name 213,L 0,3276.532,32722.149,95.191,230.099,0,1,12,124.548,256.104,0,123.986,256.104,0,1773605
1773631,213,Room Name 213,L 0,3276.532,32722.149,95.191,230.099,0,1,13,123.986,256.104,0,123.361,256.104,0,1773605
1773631,213,Room Name 213,L 0,3276.532,32722.149,95.191,230.099,0,1,14,123.361,256.104,0,113.361,256.104,0,1773605
1773631,213,Room Name 213,L 0,3276.532,32722.149,95.191,230.099,0,1,15,113.361,256.104,0,96.111,256.104,0,1773605
1773631,213,Room Name 213,L 0,3276.532,32722.149,95.191,230.099,0,1,16,96.111,256.104,0,94.986,256.104,0,1773605
1773631,213,Room Name 213,L 0,3276.532,32722.149,95.191,230.099,0,1,17,94.986,256.104,0,77.965,256.104,0,1773605
1773631,213,Room Name 213,L 0,3276.532,32722.149,95.191,230.099,0,1,18,77.965,256.104,0,67.965,256.104,0,1773605
1773631,213,Room Name 213,L 0,3276.532,32722.149,95.191,230.099,0,1,19,67.965,256.104,0,67.111,256.104,0,1773605
1773631,213,Room Name 213,L 0,3276.532,32722.149,95.191,230.099,0,1,20,67.111,256.104,0,66.882,256.104,0,1773605
1773631,213,Room Name 213,L 0,3276.532,32722.149,95.191,230.099,0,1,21,66.882,256.104,0,66.882,252.166,0,1717415
1773631,213,Room Name 213,L 0,3276.532,32722.149,95.191,230.099,0,1,22,66.882,252.166,0,66.548,252.166,0,
1773631,213,Room Name 213,L 0,3276.532,32722.149,95.191,230.099,0,1,23,66.548,252.166,0,66.548,242.166,0,1773606
1773631,213,Room Name 213,L 0,3276.532,32722.149,95.191,230.099,0,1,24,66.548,242.166,0,66.777,242.166,0,
1773631,213,Room Name 213,L 0,3276.532,32722.149,95.191,230.099,0,1,25,66.777,242.166,0,66.777,238.177,0,1952948
1773631,213,Room Name 213,L 0,3276.532,32722.149,95.191,230.099,0,1,26,66.777,238.177,0,66.548,238.177,0,
1773631,213,Room Name 213,L 0,3276.532,32722.149,95.191,230.099,0,1,27,66.548,238.177,0,66.548,217.156,0,1773606
1773631,213,Room Name 213,L 0,3276.532,32722.149,95.191,230.099,0,1,28,66.548,217.156,0,66.777,217.156,0,
1773631,213,Room Name 213,L 0,3276.532,32722.149,95.191,230.099,0,1,29,66.777,217.156,0,66.777,213.218,0,2316342
1440368,142,Room Name 142,L 1,133.993,1231.423,73.798,164.749,15,1,1,66.882,169.666,15,66.882,159.833,15,1379108
1440368,142,Room Name 142,L 1,133.993,1231.423,73.798,164.749,15,1,2,66.882,159.833,15,80.715,159.833,15,1442249
1440368,142,Room Name 142,L 1,133.993,1231.423,73.798,164.749,15,1,3,80.715,159.833,15,80.715,169.333,15,1379153
1440368,142,Room Name 142,L 1,133.993,1231.423,73.798,164.749,15,1,4,80.715,169.333,15,79.632,169.333,15,1887103
1440368,142,Room Name 142,L 1,133.993,1231.423,73.798,164.749,15,1,5,79.632,169.333,15,79.632,169.666,15,
1440368,142,Room Name 142,L 1,133.993,1231.423,73.798,164.749,15,1,6,79.632,169.666,15,72.132,169.666,15,1442247
1440368,142,Room Name 142,L 1,133.993,1231.423,73.798,164.749,15,1,7,72.132,169.666,15,72.132,169.333,15,
1440368,142,Room Name 142,L 1,133.993,1231.423,73.798,164.749,15,1,8,72.132,169.333,15,67.111,169.333,15,1886661
1440368,142,Room Name 142,L 1,133.993,1231.423,73.798,164.749,15,1,9,67.111,169.333,15,67.111,169.666,15,
1440368,142,Room Name 142,L 1,133.993,1231.423,73.798,164.749,15,1,10,67.111,169.666,15,66.882,169.666,15,1442247
1440369,143,Room Name 143,L 1,131.486,1206.379,88.298,164.749,15,1,1,95.215,169.333,15,81.59,169.333,15,1378909
1440369,143,Room Name 143,L 1,131.486,1206.379,88.298,164.749,15,1,2,81.59,169.333,15,81.59,169.666,15,
1440369,143,Room Name 143,L 1,131.486,1206.379,88.298,164.749,15,1,3,81.59,169.666,15,81.382,169.666,15,1442247
1440369,143,Room Name 143,L 1,131.486,1206.379,88.298,164.749,15,1,4,81.382,169.666,15,81.382,159.833,15,1379153
1440369,143,Room Name 143,L 1,131.486,1206.379,88.298,164.749,15,1,5,81.382,159.833,15,95.215,159.833,15,1442249
1440369,143,Room Name 143,L 1,131.486,1206.379,88.298,164.749,15,1,6,95.215,159.833,15,95.215,169.333,15,1379178
1440371,145,Room Name 145,L 1,133.993,1231.423,102.798,164.749,15,1,1,95.882,169.666,15,95.882,159.833,15,1379178
1440371,145,Room Name 145,L 1,133.993,1231.423,102.798,164.749,15,1,2,95.882,159.833,15,109.715,159.833,15,1442249
1440371,145,Room Name 145,L 1,133.993,1231.423,102.798,164.749,15,1,3,109.715,159.833,15,109.715,169.333,15,1379208
1440371,145,Room Name 145,L 1,133.993,1231.423,102.798,164.749,15,1,4,109.715,169.333,15,104.465,169.333,15,1886283
1440371,145,Room Name 145,L 1,133.993,1231.423,102.798,164.749,15,1,5,104.465,169.333,15,104.465,169.666,15,
1440371,145,Room Name 145,L 1,133.993,1231.423,102.798,164.749,15,1,6,104.465,169.666,15,96.965,169.666,15,1442247
1440371,145,Room Name 145,L 1,133.993,1231.423,102.798,164.749,15,1,7,96.965,169.666,15,96.965,169.333,15,
1440371,145,Room Name 145,L 1,133.993,1231.423,102.798,164.749,15,1,8,96.965,169.333,15,96.111,169.333,15,1887145
1440371,145,Room Name 145,L 1,133.993,1231.423,102.798,164.749,15,1,9,96.111,169.333,15,96.111,169.666,15,
1440371,145,Room Name 145,L 1,133.993,1231.423,102.798,164.749,15,1,10,96.111,169.666,15,95.882,169.666,15,1442247
1440372,146,Room Name 146,L 1,108.025,991.131,2.798,155.67,15,1,1,-0.775,150.333,15,8.548,150.333,15,1286681
1440372,146,Room Name 146,L 1,108.025,991.131,2.798,155.67,15,1,2,8.548,150.333,15,8.548,162.021,15,1722264
1440372,146,Room Name 146,L 1,108.025,991.131,2.798,155.67,15,1,3,8.548,162.021,15,-0.775,162.021,15,1621574
1440372,146,Room Name 146,L 1,108.025,991.131,2.798,155.67,15,1,4,-0.775,162.021,15,-0.775,156.333,15,1624682
1440372,146,Room Name 146,L 1,108.025,991.131,2.798,155.67,15,1,5,-0.775,156.333,15,2.048,156.333,15,1638044
1440372,146,Room Name 146,L 1,108.025,991.131,2.798,155.67,15,1,6,2.048,156.333,15,2.048,155.999,15,
1440372,146,Room Name 146,L 1,108.025,991.131,2.798,155.67,15,1,7,2.048,155.999,15,-0.775,155.999,15,1638044
1440372,146,Room Name 146,L 1,108.025,991.131,2.798,155.67,15,1,8,-0.775,155.999,15,-0.775,150.333,15,1624682
1440376,150,Room Name 150,L 1,5587.307,,27.081,178.781,15,1,1,-1.118,190.333,15,17.154,190.333,15,1286603
1440376,150,Room Name 150,L 1,5587.307,,27.081,178.781,15,1,2,17.154,190.333,15,17.154,184.499,15,1368267
1440376,150,Room Name 150,L 1,5587.307,,27.081,178.781,15,1,3,17.154,184.499,15,22.486,184.499,15,2180442
1440376,150,Room Name 150,L 1,5587.307,,27.081,178.781,15,1,4,22.486,184.499,15,22.485,184.19,15,
1440376,150,Room Name 150,L 1,5587.307,,27.081,178.781,15,1,5,22.485,184.19,15,23.048,184.189,15,1441874
1440376,150,Room Name 150,L 1,5587.307,,27.081,178.781,15,1,6,23.048,184.189,15,23.602,184.189,15,1441874
1440376,150,Room Name 150,L 1,5587.307,,27.081,178.781,15,1,7,23.602,184.189,15,23.621,184.189,15,1441874
1440376,150,Room Name 150,L 1,5587.307,,27.081,178.781,15,1,8,23.621,184.189,15,23.618,184.499,15,
1440376,150,Room Name 150,L 1,5587.307,,27.081,178.781,15,1,9,23.618,184.499,15,24.896,184.471,15,2180110
1440376,150,Room Name 150,L 1,5587.307,,27.081,178.781,15,1,10,24.896,184.471,15,24.899,184.187,15,
1440376,150,Room Name 150,L 1,5587.307,,27.081,178.781,15,1,11,24.899,184.187,15,36.983,184.173,15,1441874
1440376,150,Room Name 150,L 1,5587.307,,27.081,178.781,15,1,12,36.983,184.173,15,37.548,184.173,15,1441874
1440376,150,Room Name 150,L 1,5587.307,,27.081,178.781,15,1,13,37.548,184.173,15,37.882,184.172,15,1441874
1440376,150,Room Name 150,L 1,5587.307,,27.081,178.781,15,1,14,37.882,184.172,15,37.882,179.166,15,2177547
1440376,150,Room Name 150,L 1,5587.307,,27.081,178.781,15,1,15,37.882,179.166,15,37.215,179.166,15,
1440376,150,Room Name 150,L 1,5587.307,,27.081,178.781,15,1,16,37.215,179.166,15,37.215,184.173,15,2177547
1440376,150,Room Name 150,L 1,5587.307,,27.081,178.781,15,1,17,37.215,184.173,15,36.983,184.173,15,1441874
1440376,150,Room Name 150,L 1,5587.307,,27.081,178.781,15,1,18,36.983,184.173,15,36.978,183.533,15,
1440376,150,Room Name 150,L 1,5587.307,,27.081,178.781,15,1,19,36.978,183.533,15,31.098,183.665,15,2180110
1440376,150,Room Name 150,L 1,5587.307,,27.081,178.781,15,1,20,31.098,183.665,15,31.098,174.437,15,2187668
1440376,150,Room Name 150,L 1,5587.307,,27.081,178.781,15,1,21,31.098,174.437,15,30.431,174.437,15,
1440376,150,Room Name 150,L 1,5587.307,,27.081,178.781,15,1,22,30.431,174.437,15,30.431,183.68,15,2187668
1440376,150,Room Name 150,L 1,5587.307,,27.081,178.781,15,1,23,30.431,183.68,15,27.104,183.754,15,2180110
1440376,150,Room Name 150,L 1,5587.307,,27.081,178.781,15,1,24,27.104,183.754,15,27.261,174.766,15,2178162
1440376,150,Room Name 150,L 1,5587.307,,27.081,178.781,15,1,25,27.261,174.766,15,26.594,174.754,15,
1440376,150,Room Name 150,L 1,5587.307,,27.081,178.781,15,1,26,26.594,174.754,15,26.437,183.769,15,2178162
1440376,150,Room Name 150,L 1,5587.307,,27.081,178.781,15,1,27,26.437,183.769,15,24.881,183.804,15,2180110
1440376,150,Room Name 150,L 1,5587.307,,27.081,178.781,15,1,28,24.881,183.804,15,23.603,183.833,15,2180110
1440376,150,Room Name 150,L 1,5587.307,,27.081,178.781,15,1,29,23.603,183.833,15,23.602,184.189,15,
1440376,150,Room Name 150,L 1,5587.307,,27.081,178.781,15,1,30,23.602,184.189,15,23.048,184.189,15,1441874
1440376,150,Room Name 150,L 1,5587.307,,27.081,178.781,15,1,31,23.048,184.189,15,22.486,184.19,15,1441874
1440376,150,Room Name 150,L 1,5587.307,,27.081,178.781,15,1,32,22.486,184.19,15,22.486,183.833,15,
1440376,150,Room Name 150,L 1,5587.307,,27.081,178.781,15,1,33,22.486,183.833,15,17.16,183.833,15,2180442
1440376,150,Room Name 150,L 1,5587.307,,27.081,178.781,15,1,34,17.16,183.833,15,16.483,183.833,15,2180442
1440376,150,Room Name 150,L 1,5587.307,,27.081,178.781,15,1,35,16.483,183.833,15,15.215,183.833,15,2180442
1440376,150,Room Name 150,L 1,5587.307,,27.081,178.781,15,1,36,15.215,183.833,15,15.215,174.76,15,2180533
1440376,150,Room Name 150,L 1,5587.307,,27.081,178.781,15,1,37,15.215,174.76,15,22.931,174.76,15,2186907
1440376,150,Room Name 150,L 1,5587.307,,27.081,178.781,15,1,38,22.931,174.76,15,22.931,174.093,15,
1440376,150,Room Name 150,L 1,5587.307,,27.081,178.781,15,1,39,22.931,174.093,15,15.215,174.093,15,2186907
1440376,150,Room Name 150,L 1,5587.307,,27.081,178.781,15,1,40,15.215,174.093,15,15.215,173.615,15,1642597
1440376,150,Room Name 150,L 1,5587.307,,27.081,178.781,15,1,41,15.215,173.615,15,14.549,173.615,15,
1440376,150,Room Name 150,L 1,5587.307,,27.081,178.781,15,1,42,14.549,173.615,15,14.549,174.104,15,1642597
1440376,150,Room Name 150,L 1,5587.307,,27.081,178.781,15,1,43,14.549,174.104,15,8.548,174.104,15,1620235
1440376,150,Room Name 150,L 1,5587.307,,27.081,178.781,15,1,44,8.548,174.104,15,-0.775,174.104,15,1620235
1440376,150,Room Name 150,L 1,5587.307,,27.081,178.781,15,1,45,-0.775,174.104,15,-0.775,168.354,15,2194568
1440376,150,Room Name 150,L 1,5587.307,,27.081,178.781,15,1,46,-0.775,168.354,15,2.048,168.354,15,1621362
1440376,150,Room Name 150,L 1,5587.307,,27.081,178.781,15,1,47,2.048,168.354,15,2.048,168.021,15,
1440376,150,Room Name 150,L 1,5587.307,,27.081,178.781,15,1,48,2.048,168.021,15,-0.775,168.021,15,1621362
1440376,150,Room Name 150,L 1,5587.307,,27.081,178.781,15,1,49,-0.775,168.021,15,-0.775,162.354,15,2194568
1440376,150,Room Name 150,L 1,5587.307,,27.081,178.781,15,1,50,-0.775,162.354,15,8.548,162.354,15,1621574
1440376,150,Room Name 150,L 1,5587.307,,27.081,178.781,15,1,51,8.548,162.354,15,8.548,162.187,15,1355120
1440376,150,Room Name 150,L 1,5587.307,,27.081,178.781,15,1,52,8.548,162.187,15,8.548,162.021,15,
1440376,150,Room Name 150,L 1,5587.307,,27.081,178.781,15,1,53,8.548,162.021,15,8.548,162.016,15,1722264
1440376,150,Room Name 150,L 1,5587.307,,27.081,178.781,15,1,54,8.548,162.016,15,8.548,150.333,15,1722264
1440376,150,Room Name 150,L 1,5587.307,,27.081,178.781,15,1,55,8.548,150.333,15,22.715,150.333,15,1286681
1440376,150,Room Name 150,L 1,5587.307,,27.081,178.781,15,1,56,22.715,150.333,15,22.715,155.166,15,1324711
1440376,150,Room Name 150,L 1,5587.307,,27.081,178.781,15,1,57,22.715,155.166,15,22.715,161.999,15,1324711
1440376,150,Room Name 150,L 1,5587.307,,27.081,178.781,15,1,58,22.715,161.999,15,22.715,163.124,15,
1440376,150,Room Name 150,L 1,5587.307,,27.081,178.781,15,1,59,22.715,163.124,15,22.715,163.645,15,1993594
1440376,150,Room Name 150,L 1,5587.307,,27.081,178.781,15,1,60,22.715,163.645,15,15.215,163.645,15,2173306
1440376,150,Room Name 150,L 1,5587.307,,27.081,178.781,15,1,61,15.215,163.645,15,15.215,164.312,15,
1440376,150,Room Name 150,L 1,5587.307,,27.081,178.781,15,1,62,15.215,164.312,15,22.71,164.312,15,2173306
1440376,150,Room Name 150,L 1,5587.307,,27.081,178.781,15,1,63,22.71,164.312,15,23.382,164.312,15,2173306
1440376,150,Room Name 150,L 1,5587.307,,27.081,178.781,15,1,64,23.382,164.312,15,23.382,163.64,15,1993594
1440376,150,Room Name 150,L 1,5587.307,,27.081,178.781,15,1,65,23.382,163.64,15,23.382,163.124,15,1993594
1440376,150,Room Name 150,L 1,5587.307,,27.081,178.781,15,1,66,23.382,163.124,15,23.382,161.999,15,
1440376,150,Room Name 150,L 1,5587.307,,27.081,178.781,15,1,67,23.382,161.999,15,23.382,155.166,15,1324711
1440376,150,Room Name 150,L 1,5587.307,,27.081,178.781,15,1,68,23.382,155.166,15,37.215,155.166,15,1442026
1440376,150,Room Name 150,L 1,5587.307,,27.081,178.781,15,1,69,37.215,155.166,15,37.215,163.645,15,1525501
1440376,150,Room Name 150,L 1,5587.307,,27.081,178.781,15,1,70,37.215,163.645,15,32.931,163.645,15,2173074
1440376,150,Room Name 150,L 1,5587.307,,27.081,178.781,15,1,71,32.931,163.645,15,32.931,164.312,15,
1440376,150,Room Name 150,L 1,5587.307,,27.081,178.781,15,1,72,32.931,164.312,15,37.215,164.312,15,2173074
1440376,150,Room Name 150,L 1,5587.307,,27.081,178.781,15,1,73,37.215,164.312,15,37.215,169.104,15,2175573
1440376,150,Room Name 150,L 1,5587.307,,27.081,178.781,15,1,74,37.215,169.104,15,37.215,170.229,15,
1440376,150,Room Name 150,L 1,5587.307,,27.081,178.781,15,1,75,37.215,170.229,15,37.215,175.156,15,2177547
1440376,150,Room Name 150,L 1,5587.307,,27.081,178.781,15,1,76,37.215,175.156,15,37.882,175.156,15,
1440376,150,Room Name 150,L 1,5587.307,,27.081,178.781,15,1,77,37.882,175.156,15,37.882,170.229,15,2177547
1440376,150,Room Name 150,L 1,5587.307,,27.081,178.781,15,1,78,37.882,170.229,15,37.882,169.104,15,
1440376,150,Room Name 150,L 1,5587.307,,27.081,178.781,15,1,79,37.882,169.104,15,37.882,163.979,15,2175573
1440376,150,Room Name 150,L 1,5587.307,,27.081,178.781,15,1,80,37.882,163.979,15,37.882,155.166,15,1525501
1440376,150,Room Name 150,L 1,5587.307,,27.081,178.781,15,1,81,37.882,155.166,15,37.882,149.999,15,1525501
1440376,150,Room Name 150,L 1,5587.307,,27.081,178.781,15,1,82,37.882,149.999,15,37.882,149.77,15,1525501
1440376,150,Room Name 150,L 1,5587.307,,27.081,178.781,15,1,83,37.882,149.77,15,37.215,149.77,15,2456283
1440376,150,Room Name 150,L 1,5587.307,,27.081,178.781,15,1,84,37.215,149.77,15,37.215,149.999,15,
1440376,150,Room Name 150,L 1,5587.307,,27.081,178.781,15,1,85,37.215,149.999,15,37.21,149.999,15,1525472
1440376,150,Room Name 150,L 1,5587.307,,27.081,178.781,15,1,86,37.21,149.999,15,23.387,149.999,15,1525472
1440376,150,Room Name 150,L 1,5587.307,,27.081,178.781,15,1,87,23.387,149.999,15,23.382,149.999,15,1525472
1440376,150,Room Name 150,L 1,5587.307,,27.081,178.781,15,1,88,23.382,149.999,15,23.048,149.666,15,
1440376,150,Room Name 150,L 1,5587.307,,27.081,178.781,15,1,89,23.048,149.666,15,8.548,149.666,15,1286681
1440376,150,Room Name 150,L 1,5587.307,,27.081,178.781,15,1,90,8.548,149.666,15,-1.452,149.666,15,1286681
1440376,150,Room Name 150,L 1,5587.307,,27.081,178.781,15,1,91,-1.452,149.666,15,-1.452,140.999,15,1440525
1440376,150,Room Name 150,L 1,5587.307,,27.081,178.781,15,1,92,-1.452,140.999,15,8.215,140.999,15,2168964
1440376,150,Room Name 150,L 1,5587.307,,27.081,178.781,15,1,93,8.215,140.999,15,8.215,140.666,15,
1440376,150,Room Name 150,L 1,5587.307,,27.081,178.781,15,1,94,8.215,140.666,15,9.111,140.666,15,1440702
1440376,150,Room Name 150,L 1,5587.307,,27.081,178.781,15,1,95,9.111,140.666,15,9.111,140.999,15,
1440376,150,Room Name 150,L 1,5587.307,,27.081,178.781,15,1,96,9.111,140.999,15,17.882,140.999,15,2168568
1440376,150,Room Name 150,L 1,5587.307,,27.081,178.781,15,1,97,17.882,140.999,15,22.486,140.999,15,2168568
1440376,150,Room Name 150,L 1,5587.307,,27.081,178.781,15,1,98,22.486,140.999,15,22.486,140.666,15,
1440376,150,Room Name 150,L 1,5587.307,,27.081,178.781,15,1,99,22.486,140.666,15,23.611,140.666,15,1440702
1440376,150,Room Name 150,L 1,5587.307,,27.081,178.781,15,1,100,23.611,140.666,15,23.611,140.999,15,
1440376,150,Room Name 150,L 1,5587.307,,27.081,178.781,15,1,101,23.611,140.999,15,27.548,140.999,15,2169090
1440376,150,Room Name 150,L 1,5587.307,,27.081,178.781,15,1,102,27.548,140.999,15,37.215,140.999,15,2169090
1440376,150,Room Name 150,L 1,5587.307,,27.081,178.781,15,1,103,37.215,140.999,15,37.215,140.666,15,
1440376,150,Room Name 150,L 1,5587.307,,27.081,178.781,15,1,104,37.215,140.666,15,38.111,140.666,15,1440702
1440376,150,Room Name 150,L 1,5587.307,,27.081,178.781,15,1,105,38.111,140.666,15,38.111,140.999,15,
1440376,150,Room Name 150,L 1,5587.307,,27.081,178.781,15,1,106,38.111,140.999,15,46.882,140.999,15,2169589
1440376,150,Room Name 150,L 1,5587.307,,27.081,178.781,15,1,107,46.882,140.999,15,51.486,140.999,15,2169589
1440376,150,Room Name 150,L 1,5587.307,,27.081,178.781,15,1,108,51.486,140.999,15,51.486,140.666,15,
1440376,150,Room Name 150,L 1,5587.307,,27.081,178.781,15,1,109,51.486,140.666,15,52.611,140.666,15,1440702
1440376,150,Room Name 150,L 1,5587.307,,27.081,178.781,15,1,110,52.611,140.666,15,52.611,140.999,15,
1440376,150,Room Name 150,L 1,5587.307,,27.081,178.781,15,1,111,52.611,140.999,15,56.548,140.999,15,2169746
1440376,150,Room Name 150,L 1,5587.307,,27.081,178.781,15,1,112,56.548,140.999,15,66.215,140.999,15,2169746
1440376,150,Room Name 150,L 1,5587.307,,27.081,178.781,15,1,113,66.215,140.999,15,66.215,140.666,15,
1440376,150,Room Name 150,L 1,5587.307,,27.081,178.781,15,1,114,66.215,140.666,15,67.111,140.666,15,1440702
1440376,150,Room Name 150,L 1,5587.307,,27.081,178.781,15,1,115,67.111,140.666,15,67.111,140.999,15,
1440376,150,Room Name 150,L 1,5587.307,,27.081,178.781,15,1,116,67.111,140.999,15,75.882,140.999,15,2169836
1440376,150,Room Name 150,L 1,5587.307,,27.081,178.781,15,1,117,75.882,140.999,15,80.486,140.999,15,2169836
1440376,150,Room Name 150,L 1,5587.307,,27.081,178.781,15,1,118,80.486,140.999,15,80.486,140.666,15,
1440376,150,Room Name 150,L 1,5587.307,,27.081,178.781,15,1,119,80.486,140.666,15,81.611,140.666,15,1440702
1440376,150,Room Name 150,L 1,5587.307,,27.081,178.781,15,1,120,81.611,140.666,15,81.611,140.999,15,
1440376,150,Room Name 150,L 1,5587.307,,27.081,178.781,15,1,121,81.611,140.999,15,85.548,140.999,15,2170012
1440376,150,Room Name 150,L 1,5587.307,,27.081,178.781,15,1,122,85.548,140.999,15,95.215,140.999,15,2170012
1440376,150,Room Name 150,L 1,5587.307,,27.081,178.781,15,1,123,95.215,140.999,15,95.215,140.666,15,
1440376,150,Room Name 150,L 1,5587.307,,27.081,178.781,15,1,124,95.215,140.666,15,96.111,140.666,15,1440702
1440376,150,Room Name 150,L 1,5587.307,,27.081,178.781,15,1,125,96.111,140.666,15,96.111,140.999,15,
1440376,150,Room Name 150,L 1,5587.307,,27.081,178.781,15,1,126,96.111,140.999,15,104.882,140.999,15,2170228
1440376,150,Room Name 150,L 1,5587.307,,27.081,178.781,15,1,127,104.882,140.999,15,109.486,140.999,15,2170228
1440376,150,Room Name 150,L 1,5587.307,,27.081,178.781,15,1,128,109.486,140.999,15,109.486,140.666,15,
1440376,150,Room Name 150,L 1,5587.307,,27.081,178.781,15,1,129,109.486,140.666,15,110.611,140.666,15,1440702
1440376,150,Room Name 150,L 1,5587.307,,27.081,178.781,15,1,130,110.611,140.666,15,110.611,140.999,15,
1440376,150,Room Name 150,L 1,5587.307,,27.081,178.781,15,1,131,110.611,140.999,15,114.548,140.999,15,2169420
1440376,150,Room Name 150,L 1,5587.307,,27.081,178.781,15,1,132,114.548,140.999,15,124.548,140.999,15,2169420
1440376,150,Room Name 150,L 1,5587.307,,27.081,178.781,15,1,133,124.548,140.999,15,134.618,140.999,15,1525073
1440376,150,Room Name 150,L 1,5587.307,,27.081,178.781,15,1,134,134.618,140.999,15,134.566,183.833,15,1441001
1440376,150,Room Name 150,L 1,5587.307,,27.081,178.781,15,1,135,134.566,183.833,15,124.548,183.833,15,1623960
1440376,150,Room Name 150,L 1,5587.307,,27.081,178.781,15,1,136,124.548,183.833,15,117.536,183.833,15,2179179
1440376,150,Room Name 150,L 1,5587.307,,27.081,178.781,15,1,137,117.536,183.833,15,117.403,183.833,15,2626110
1440376,150,Room Name 150,L 1,5587.307,,27.081,178.781,15,1,138,117.403,183.833,15,110.048,183.833,15,2626110
1440376,150,Room Name 150,L 1,5587.307,,27.081,178.781,15,1,139,110.048,183.833,15,109.821,183.833,15,2626110
1440376,150,Room Name 150,L 1,5587.307,,27.081,178.781,15,1,140,109.821,183.833,15,109.71,183.833,15,2623336
1440376,150,Room Name 150,L 1,5587.307,,27.081,178.781,15,1,141,109.71,183.833,15,101.419,183.833,15,2623336
1440376,150,Room Name 150,L 1,5587.307,,27.081,178.781,15,1,142,101.419,183.833,15,89.307,183.833,15,2624323
1440376,150,Room Name 150,L 1,5587.307,,27.081,178.781,15,1,143,89.307,183.833,15,88.586,183.833,15,2624323
1440376,150,Room Name 150,L 1,5587.307,,27.081,178.781,15,1,144,88.586,183.833,15,88.586,184.166,15,
1440376,150,Room Name 150,L 1,5587.307,,27.081,178.781,15,1,145,88.586,184.166,15,88.402,184.166,15,1773305
1440376,150,Room Name 150,L 1,5587.307,,27.081,178.781,15,1,146,88.402,184.166,15,88.402,183.833,15,
1440376,150,Room Name 150,L 1,5587.307,,27.081,178.781,15,1,147,88.402,183.833,15,79.765,183.833,15,2625194
1440376,150,Room Name 150,L 1,5587.307,,27.081,178.781,15,1,148,79.765,183.833,15,77.14,183.833,15,2626412
1440376,150,Room Name 150,L 1,5587.307,,27.081,178.781,15,1,149,77.14,183.833,15,75.473,183.833,15,2626412
1440376,150,Room Name 150,L 1,5587.307,,27.081,178.781,15,1,150,75.473,183.833,15,72.099,183.833,15,2626412
1440376,150,Room Name 150,L 1,5587.307,,27.081,178.781,15,1,151,72.099,183.833,15,71.765,184.166,15,
1440376,150,Room Name 150,L 1,5587.307,,27.081,178.781,15,1,152,71.765,184.166,15,71.76,184.166,15,2008766
1440376,150,Room Name 150,L 1,5587.307,,27.081,178.781,15,1,153,71.76,184.166,15,66.548,184.166,15,2008766
1440376,150,Room Name 150,L 1,5587.307,,27.081,178.781,15,1,154,66.548,184.166,15,61.465,184.166,15,2008766
1440376,150,Room Name 150,L 1,5587.307,,27.081,178.781,15,1,155,61.465,184.166,15,61.465,198.333,15,1526221
1440376,150,Room Name 150,L 1,5587.307,,27.081,178.781,15,1,156,61.465,198.333,15,56.986,198.333,15,2619379
1440376,150,Room Name 150,L 1,5587.307,,27.081,178.781,15,1,157,56.986,198.333,15,56.986,198.666,15,
1440376,150,Room Name 150,L 1,5587.307,,27.081,178.781,15,1,158,56.986,198.666,15,56.882,198.666,15,1441645
1440376,150,Room Name 150,L 1,5587.307,,27.081,178.781,15,1,159,56.882,198.666,15,56.882,198.333,15,
1440376,150,Room Name 150,L 1,5587.307,,27.081,178.781,15,1,160,56.882,198.333,15,47.215,198.333,15,2618822
1440376,150,Room Name 150,L 1,5587.307,,27.081,178.781,15,1,161,47.215,198.333,15,47.106,198.333,15,2618822
1440376,150,Room Name 150,L 1,5587.307,,27.081,178.781,15,1,162,47.106,198.333,15,38.142,198.333,15,2618520
1440376,150,Room Name 150,L 1,5587.307,,27.081,178.781,15,1,163,38.142,198.333,15,37.548,198.333,15,2616985
1440376,150,Room Name 150,L 1,5587.307,,27.081,178.781,15,1,164,37.548,198.333,15,28.384,198.333,15,2616985
1440376,150,Room Name 150,L 1,5587.307,,27.081,178.781,15,1,165,28.384,198.333,15,28.225,198.333,15,2616985
1440376,150,Room Name 150,L 1,5587.307,,27.081,178.781,15,1,166,28.225,198.333,15,27.882,198.333,15,2616499
1440376,150,Room Name 150,L 1,5587.307,,27.081,178.781,15,1,167,27.882,198.333,15,18.215,198.333,15,2616499
1440376,150,Room Name 150,L 1,5587.307,,27.081,178.781,15,1,168,18.215,198.333,15,17.975,198.333,15,2616499
1440376,150,Room Name 150,L 1,5587.307,,27.081,178.781,15,1,169,17.975,198.333,15,17.876,198.333,15,2615728
1440376,150,Room Name 150,L 1,5587.307,,27.081,178.781,15,1,170,17.876,198.333,15,9.475,198.333,15,2615728
1440376,150,Room Name 150,L 1,5587.307,,27.081,178.781,15,1,171,9.475,198.333,15,8.548,198.333,15,1523748
1440376,150,Room Name 150,L 1,5587.307,,27.081,178.781,15,1,172,8.548,198.333,15,-1.118,198.333,15,1523748
1440376,150,Room Name 150,L 1,5587.307,,27.081,178.781,15,1,173,-1.118,198.333,15,-1.118,190.333,15,1441687
1440376,150,Room Name 150,L 1,5587.307,,27.081,178.781,15,2,1,81.59,169.666,15,81.59,169.999,15,
1440376,150,Room Name 150,L 1,5587.307,,27.081,178.781,15,2,2,81.59,169.999,15,94.986,169.999,15,1378909
1440376,150,Room Name 150,L 1,5587.307,,27.081,178.781,15,2,3,94.986,169.999,15,94.986,169.666,15,
1440376,150,Room Name 150,L 1,5587.307,,27.081,178.781,15,2,4,94.986,169.666,15,96.111,169.666,15,1442247
1440376,150,Room Name 150,L 1,5587.307,,27.081,178.781,15,2,5,96.111,169.666,15,96.111,169.999,15,
1440376,150,Room Name 150,L 1,5587.307,,27.081,178.781,15,2,6,96.111,169.999,15,96.965,169.999,15,1887145
1440376,150,Room Name 150,L 1,5587.307,,27.081,178.781,15,2,7,96.965,169.999,15,96.965,169.666,15,
1440376,150,Room Name 150,L 1,5587.307,,27.081,178.781,15,2,8,96.965,169.666,15,104.465,169.666,15,1442247
1440376,150,Room Name 150,L 1,5587.307,,27.081,178.781,15,2,9,104.465,169.666,15,104.465,169.999,15,
1440376,150,Room Name 150,L 1,5587.307,,27.081,178.781,15,2,10,104.465,169.999,15,109.486,169.999,15,1886283
1440376,150,Room Name 150,L 1,5587.307,,27.081,178.781,15,2,11,109.486,169.999,15,109.486,169.666,15,
1440376,150,Room Name 150,L 1,5587.307,,27.081,178.781,15,2,12,109.486,169.666,15,110.611,169.666,15,1442247
1440376,150,Room Name 150,L 1,5587.307,,27.081,178.781,15,2,13,110.611,169.666,15,110.611,169.999,15,
1440376,150,Room Name 150,L 1,5587.307,,27.081,178.781,15,2,14,110.611,169.999,15,111.465,169.999,15,1887184
1440376,150,Room Name 150,L 1,5587.307,,27.081,178.781,15,2,15,111.465,169.999,15,111.465,169.666,15,
1440376,150,Room Name 150,L 1,5587.307,,27.081,178.781,15,2,16,111.465,169.666,15,118.965,169.666,15,1442247
1440376,150,Room Name 150,L 1,5587.307,,27.081,178.781,15,2,17,118.965,169.666,15,118.965,169.999,15,
1440376,150,Room Name 150,L 1,5587.307,,27.081,178.781,15,2,18,118.965,169.999,15,123.986,169.999,15,1885961
1440376,150,Room Name 150,L 1,5587.307,,27.081,178.781,15,2,19,123.986,169.999,15,123.986,169.666,15,
1440376,150,Room Name 150,L 1,5587.307,,27.081,178.781,15,2,20,123.986,169.666,15,124.548,169.666,15,1442247
1440376,150,Room Name 150,L 1,5587.307,,27.081,178.781,15,2,21,124.548,169.666,15,124.548,169.104,15,1442250
1440376,150,Room Name 150,L 1,5587.307,,27.081,178.781,15,2,22,124.548,169.104,15,125.111,169.104,15,
1440376,150,Room Name 150,L 1,5587.307,,27.081,178.781,15,2,23,125.111,169.104,15,125.111,168.249,15,1994221
1440376,150,Room Name 150,L 1,5587.307,,27.081,178.781,15,2,24,125.111,168.249,15,124.548,168.249,15,
1440376,150,Room Name 150,L 1,5587.307,,27.081,178.781,15,2,25,124.548,168.249,15,124.548,159.833,15,1442250
1440376,150,Room Name 150,L 1,5587.307,,27.081,178.781,15,2,26,124.548,159.833,15,124.444,159.833,15,1442249
1440376,150,Room Name 150,L 1,5587.307,,27.081,178.781,15,2,27,124.444,159.833,15,110.382,159.833,15,1442249
1440376,150,Room Name 150,L 1,5587.307,,27.081,178.781,15,2,28,110.382,159.833,15,110.048,159.833,15,1442249
1440376,150,Room Name 150,L 1,5587.307,,27.081,178.781,15,2,29,110.048,159.833,15,95.882,159.833,15,1442249
1440376,150,Room Name 150,L 1,5587.307,,27.081,178.781,15,2,30,95.882,159.833,15,95.548,159.833,15,1442249
1440376,150,Room Name 150,L 1,5587.307,,27.081,178.781,15,2,31,95.548,159.833,15,81.048,159.833,15,1442249
1440376,150,Room Name 150,L 1,5587.307,,27.081,178.781,15,2,32,81.048,159.833,15,66.882,159.833,15,1442249
1440376,150,Room Name 150,L 1,5587.307,,27.081,178.781,15,2,33,66.882,159.833,15,66.548,159.833,15,1442249
1440376,150,Room Name 150,L 1,5587.307,,27.081,178.781,15,2,34,66.548,159.833,15,52.387,159.833,15,1378993
1440376,150,Room Name 150,L 1,5587.307,,27.081,178.781,15,2,35,52.387,159.833,15,52.382,159.833,15,1378993
1440376,150,Room Name 150,L 1,5587.307,,27.081,178.781,15,2,36,52.382,159.833,15,51.715,159.833,15,1442249
1440376,150,Room Name 150,L 1,5587.307,,27.081,178.781,15,2,37,51.715,159.833,15,51.715,160.749,15,1525831
1440376,150,Room Name 150,L 1,5587.307,,27.081,178.781,15,2,38,51.715,160.749,15,52.382,160.749,15,
1440376,150,Room Name 150,L 1,5587.307,,27.081,178.781,15,2,39,52.382,160.749,15,52.382,159.833,15,1525831
1440376,150,Room Name 150,L 1,5587.307,,27.081,178.781,15,2,40,52.382,159.833,15,66.215,159.833,15,1378993
1440376,150,Room Name 150,L 1,5587.307,,27.081,178.781,15,2,41,66.215,159.833,15,66.215,169.333,15,1379108
1440376,150,Room Name 150,L 1,5587.307,,27.081,178.781,15,2,42,66.215,169.333,15,65.132,169.333,15,1887063
1440376,150,Room Name 150,L 1,5587.307,,27.081,178.781,15,2,43,65.132,169.333,15,65.132,169.666,15,
1440376,150,Room Name 150,L 1,5587.307,,27.081,178.781,15,2,44,65.132,169.666,15,57.632,169.666,15,1442247
1440376,150,Room Name 150,L 1,5587.307,,27.081,178.781,15,2,45,57.632,169.666,15,57.632,169.333,15,
1440376,150,Room Name 150,L 1,5587.307,,27.081,178.781,15,2,46,57.632,169.333,15,52.611,169.333,15,1886856
1440376,150,Room Name 150,L 1,5587.307,,27.081,178.781,15,2,47,52.611,169.333,15,52.611,169.666,15,
1440376,150,Room Name 150,L 1,5587.307,,27.081,178.781,15,2,48,52.611,169.666,15,52.382,169.666,15,1442247
1440376,150,Room Name 150,L 1,5587.307,,27.081,178.781,15,2,49,52.382,169.666,15,52.382,168.249,15,2175265
1440376,150,Room Name 150,L 1,5587.307,,27.081,178.781,15,2,50,52.382,168.249,15,51.715,168.249,15,
1440376,150,Room Name 150,L 1,5587.307,,27.081,178.781,15,2,51,51.715,168.249,15,51.715,169.666,15,2175265
1440376,150,Room Name 150,L 1,5587.307,,27.081,178.781,15,2,52,51.715,169.666,15,52.611,169.666,15,1442247
1440376,150,Room Name 150,L 1,5587.307,,27.081,178.781,15,2,53,52.611,169.666,15,52.611,169.999,15,
1440376,150,Room Name 150,L 1,5587.307,,27.081,178.781,15,2,54,52.611,169.999,15,57.632,169.999,15,1886856
1440376,150,Room Name 150,L 1,5587.307,,27.081,178.781,15,2,55,57.632,169.999,15,57.632,169.666,15,
1440376,150,Room Name 150,L 1,5587.307,,27.081,178.781,15,2,56,57.632,169.666,15,65.132,169.666,15,1442247
1440376,150,Room Name 150,L 1,5587.307,,27.081,178.781,15,2,57,65.132,169.666,15,65.132,169.999,15,
1440376,150,Room Name 150,L 1,5587.307,,27.081,178.781,15,2,58,65.132,169.999,15,65.986,169.999,15,1887063
1440376,150,Room Name 150,L 1,5587.307,,27.081,178.781,15,2,59,65.986,169.999,15,65.986,169.666,15,
1440376,150,Room Name 150,L 1,5587.307,,27.081,178.781,15,2,60,65.986,169.666,15,67.111,169.666,15,1442247
1440376,150,Room Name 150,L 1,5587.307,,27.081,178.781,15,2,61,67.111,169.666,15,67.111,169.999,15,
1440376,150,Room Name 150,L 1,5587.307,,27.081,178.781,15,2,62,67.111,169.999,15,72.132,169.999,15,1886661
1440376,150,Room Name 150,L 1,5587.307,,27.081,178.781,15,2,63,72.132,169.999,15,72.132,169.666,15,
1440376,150,Room Name 150,L 1,5587.307,,27.081,178.781,15,2,64,72.132,169.666,15,79.632,169.666,15,1442247
1440376,150,Room Name 150,L 1,5587.307,,27.081,178.781,15,2,65,79.632,169.666,15,79.632,169.999,15,
1440376,150,Room Name 150,L 1,5587.307,,27.081,178.781,15,2,66,79.632,169.999,15,80.486,169.999,15,1887103
1440376,150,Room Name 150,L 1,5587.307,,27.081,178.781,15,2,67,80.486,169.999,15,80.486,169.666,15,
1440376,150,Room Name 150,L 1,5587.307,,27.081,178.781,15,2,68,80.486,169.666,15,81.59,169.666,15,1442247
1440380,154,Room Name 154,L 1,85.951,787.214,62.048,204.02,15,1,1,57.215,208.52,15,57.215,198.999,15,1249986
1440380,154,Room Name 154,L 1,85.951,787.214,62.048,204.02,15,1,2,57.215,198.999,15,61.465,198.999,15,2619379
1440380,154,Room Name 154,L 1,85.951,787.214,62.048,204.02,15,1,3,61.465,198.999,15,65.986,198.999,15,2619379
1440380,154,Room Name 154,L 1,85.951,787.214,62.048,204.02,15,1,4,65.986,198.999,15,65.986,198.666,15,
1440380,154,Room Name 154,L 1,85.951,787.214,62.048,204.02,15,1,5,65.986,198.666,15,66.548,198.666,15,1441645
1440380,154,Room Name 154,L 1,85.951,787.214,62.048,204.02,15,1,6,66.548,198.666,15,66.548,199.229,15,1773644
1440380,154,Room Name 154,L 1,85.951,787.214,62.048,204.02,15,1,7,66.548,199.229,15,66.215,199.229,15,
1440380,154,Room Name 154,L 1,85.951,787.214,62.048,204.02,15,1,8,66.215,199.229,15,66.215,208.52,15,1995789
1440380,154,Room Name 154,L 1,85.951,787.214,62.048,204.02,15,1,9,66.215,208.52,15,57.215,208.52,15,1626925
1440381,155,Room Name 155,L 1,85.687,784.741,52.048,204.02,15,1,1,56.548,198.999,15,56.548,208.52,15,1249986
1440381,155,Room Name 155,L 1,85.687,784.741,52.048,204.02,15,1,2,56.548,208.52,15,47.548,208.52,15,1626925
1440381,155,Room Name 155,L 1,85.687,784.741,52.048,204.02,15,1,3,47.548,208.52,15,47.548,198.999,15,1250022
1440381,155,Room Name 155,L 1,85.687,784.741,52.048,204.02,15,1,4,47.548,198.999,15,56.548,198.999,15,2618822
1440382,156,Room Name 156,L 1,85.687,784.576,42.382,204.02,15,1,1,46.882,198.999,15,46.882,208.52,15,1250022
1440382,156,Room Name 156,L 1,85.687,784.576,42.382,204.02,15,1,2,46.882,208.52,15,37.882,208.52,15,2190702
1440382,156,Room Name 156,L 1,85.687,784.576,42.382,204.02,15,1,3,37.882,208.52,15,37.882,198.999,15,1250048
1440382,156,Room Name 156,L 1,85.687,784.576,42.382,204.02,15,1,4,37.882,198.999,15,38.142,198.999,15,2616985
1440382,156,Room Name 156,L 1,85.687,784.576,42.382,204.02,15,1,5,38.142,198.999,15,46.882,198.999,15,2618520
1440383,157,Room Name 157,L 1,85.687,784.576,32.715,204.02,15,1,1,37.215,198.999,15,37.215,208.52,15,1250048
1440383,157,Room Name 157,L 1,85.687,784.576,32.715,204.02,15,1,2,37.215,208.52,15,28.215,208.52,15,2190702
1440383,157,Room Name 157,L 1,85.687,784.576,32.715,204.02,15,1,3,28.215,208.52,15,28.215,198.999,15,1250076
1440383,157,Room Name 157,L 1,85.687,784.576,32.715,204.02,15,1,4,28.215,198.999,15,37.215,198.999,15,2616985
1440384,158,Room Name 158,L 1,85.687,784.576,23.048,204.02,15,1,1,27.548,199.168,15,27.548,208.52,15,1250076
1440384,158,Room Name 158,L 1,85.687,784.576,23.048,204.02,15,1,2,27.548,208.52,15,18.548,208.52,15,2190702
1440384,158,Room Name 158,L 1,85.687,784.576,23.048,204.02,15,1,3,18.548,208.52,15,18.548,199.005,15,1250100
1440384,158,Room Name 158,L 1,85.687,784.576,23.048,204.02,15,1,4,18.548,199.005,15,18.548,198.999,15,1250100
1440384,158,Room Name 158,L 1,85.687,784.576,23.048,204.02,15,1,5,18.548,198.999,15,27.548,198.999,15,2616499
1440384,158,Room Name 158,L 1,85.687,784.576,23.048,204.02,15,1,6,27.548,198.999,15,27.548,199.168,15,1250076
1440385,159,Room Name 159,L 1,85.687,784.576,13.382,204.02,15,1,1,17.882,198.999,15,17.882,208.52,15,1250100
1440385,159,Room Name 159,L 1,85.687,784.576,13.382,204.02,15,1,2,17.882,208.52,15,8.882,208.52,15,2191628
1440385,159,Room Name 159,L 1,85.687,784.576,13.382,204.02,15,1,3,8.882,208.52,15,8.882,198.999,15,1250193
1440385,159,Room Name 159,L 1,85.687,784.576,13.382,204.02,15,1,4,8.882,198.999,15,9.475,198.999,15,1523748
1440385,159,Room Name 159,L 1,85.687,784.576,13.382,204.02,15,1,5,9.475,198.999,15,17.882,198.999,15,2615728
1440388,162,Room Name 162,L 1,85.588,783.668,3.548,204.02,15,1,1,-0.775,208.52,15,-0.775,198.999,15,1249833
1440388,162,Room Name 162,L 1,85.588,783.668,3.548,204.02,15,1,2,-0.775,198.999,15,8.215,198.999,15,1523748
1440388,162,Room Name 162,L 1,85.588,783.668,3.548,204.02,15,1,3,8.215,198.999,15,8.215,208.52,15,1250193
1440388,162,Room Name 162,L 1,85.588,783.668,3.548,204.02,15,1,4,8.215,208.52,15,-0.775,208.52,15,2191628
1440389,163,Room Name 163,L 1,3267.206,32670.6,95.319,227.666,15,1,1,67.111,213.218,15,67.111,208.854,15,1502824
1440389,163,Room Name 163,L 1,3267.206,32670.6,95.319,227.666,15,1,2,67.111,208.854,15,66.882,208.854,15,
1440389,163,Room Name 163,L 1,3267.206,32670.6,95.319,227.666,15,1,3,66.882,208.854,15,66.882,199.229,15,1995789
1440389,163,Room Name 163,L 1,3267.206,32670.6,95.319,227.666,15,1,4,66.882,199.229,15,66.548,199.229,15,
1440389,163,Room Name 163,L 1,3267.206,32670.6,95.319,227.666,15,1,5,66.548,199.229,15,66.548,198.666,15,1773644
1440389,163,Room Name 163,L 1,3267.206,32670.6,95.319,227.666,15,1,6,66.548,198.666,15,67.111,198.666,15,1773645
1440389,163,Room Name 163,L 1,3267.206,32670.6,95.319,227.666,15,1,7,67.111,198.666,15,67.111,199.229,15,
1440389,163,Room Name 163,L 1,3267.206,32670.6,95.319,227.666,15,1,8,67.112,199.229,15,67.112,199.447,15,
1440389,163,Room Name 163,L 1,3267.206,32670.6,95.319,227.666,15,1,9,67.112,199.447,15,124.548,199.447,15,2456291
1440389,163,Room Name 163,L 1,3267.206,32670.6,95.319,227.666,15,1,10,124.548,199.447,15,124.548,242.916,15,1773646
1440389,163,Room Name 163,L 1,3267.206,32670.6,95.319,227.666,15,1,11,124.548,242.916,15,124.548,252.166,15,1773646
1440389,163,Room Name 163,L 1,3267.206,32670.6,95.319,227.666,15,1,12,124.548,252.166,15,124.548,256.104,15,1773646
1440389,163,Room Name 163,L 1,3267.206,32670.6,95.319,227.666,15,1,13,124.548,256.104,15,123.986,256.104,15,1773643
1440389,163,Room Name 163,L 1,3267.206,32670.6,95.319,227.666,15,1,14,123.986,256.104,15,123.361,256.104,15,1773643
1440389,163,Room Name 163,L 1,3267.206,32670.6,95.319,227.666,15,1,15,123.361,256.104,15,113.361,256.104,15,1773643
1440389,163,Room Name 163,L 1,3267.206,32670.6,95.319,227.666,15,1,16,113.361,256.104,15,96.111,256.104,15,1773643
1440389,163,Room Name 163,L 1,3267.206,32670.6,95.319,227.666,15,1,17,96.111,256.104,15,94.986,256.104,15,1773643
1440389,163,Room Name 163,L 1,3267.206,32670.6,95.319,227.666,15,1,18,94.986,256.104,15,77.965,256.104,15,1773643
1440389,163,Room Name 163,L 1,3267.206,32670.6,95.319,227.666,15,1,19,77.965,256.104,15,67.965,256.104,15,1773643
1440389,163,Room Name 163,L 1,3267.206,32670.6,95.319,227.666,15,1,20,67.965,256.104,15,67.111,256.104,15,1773643
1440389,163,Room Name 163,L 1,3267.206,32670.6,95.319,227.666,15,1,21,67.111,256.104,15,66.882,256.104,15,1773643
1440389,163,Room Name 163,L 1,3267.206,32670.6,95.319,227.666,15,1,22,66.882,256.104,15,66.882,252.166,15,1717415
1440389,163,Room Name 163,L 1,3267.206,32670.6,95.319,227.666,15,1,23,66.882,252.166,15,66.548,252.166,15,
1440389,163,Room Name 163,L 1,3267.206,32670.6,95.319,227.666,15,1,24,66.548,252.166,15,66.548,242.166,15,1773644
1440389,163,Room Name 163,L 1,3267.206,32670.6,95.319,227.666,15,1,25,66.548,242.166,15,66.882,242.166,15,
1440389,163,Room Name 163,L 1,3267.206,32670.6,95.319,227.666,15,1,26,66.882,242.166,15,66.882,228.229,15,1783843
1440389,163,Room Name 163,L 1,3267.206,32670.6,95.319,227.666,15,1,27,66.882,228.229,15,66.548,228.229,15,
1440389,163,Room Name 163,L 1,3267.206,32670.6,95.319,227.666,15,1,28,66.548,228.229,15,66.548,227.099,15,1773644
1440389,163,Room Name 163,L 1,3267.206,32670.6,95.319,227.666,15,1,29,66.548,227.099,15,67.111,227.099,15,
1440389,163,Room Name 163,L 1,3267.206,32670.6,95.319,227.666,15,1,30,67.111,227.099,15,67.111,213.218,15,2318272
1440394,168,Room Name 168,L 1,77.636,710.852,3.194,135.729,15,1,1,-0.775,140.333,15,-0.775,131.364,15,1249235
1440394,168,Room Name 168,L 1,77.636,710.852,3.194,135.729,15,1,2,-0.775,131.364,15,7.882,131.364,15,1930738
1440394,168,Room Name 168,L 1,77.636,710.852,3.194,135.729,15,1,3,7.882,131.364,15,7.882,140.333,15,1249262
1440394,168,Room Name 168,L 1,77.636,710.852,3.194,135.729,15,1,4,7.882,140.333,15,-0.775,140.333,15,2168964
1440395,169,Room Name 169,L 1,80.906,740.954,13.048,135.729,15,1,1,8.548,140.666,15,8.548,131.364,15,1249262
1440395,169,Room Name 169,L 1,80.906,740.954,13.048,135.729,15,1,2,8.548,131.364,15,17.548,131.364,15,1930738
1440395,169,Room Name 169,L 1,80.906,740.954,13.048,135.729,15,1,3,17.548,131.364,15,17.548,140.333,15,1249295
1440395,169,Room Name 169,L 1,80.906,740.954,13.048,135.729,15,1,4,17.548,140.333,15,9.111,140.333,15,2168568
1440395,169,Room Name 169,L 1,80.906,740.954,13.048,135.729,15,1,5,9.111,140.333,15,9.111,140.666,15,
1440395,169,Room Name 169,L 1,80.906,740.954,13.048,135.729,15,1,6,9.111,140.666,15,8.548,140.666,15,1440702
1440396,170,Room Name 170,L 1,81.094,742.827,22.715,135.729,15,1,1,18.215,140.333,15,18.215,131.364,15,1249295
1440396,170,Room Name 170,L 1,81.094,742.827,22.715,135.729,15,1,2,18.215,131.364,15,27.215,131.364,15,2193600
1440396,170,Room Name 170,L 1,81.094,742.827,22.715,135.729,15,1,3,27.215,131.364,15,27.215,140.333,15,1249332
1440396,170,Room Name 170,L 1,81.094,742.827,22.715,135.729,15,1,4,27.215,140.333,15,23.611,140.333,15,2169090
1440396,170,Room Name 170,L 1,81.094,742.827,22.715,135.729,15,1,5,23.611,140.333,15,23.611,140.666,15,
1440396,170,Room Name 170,L 1,81.094,742.827,22.715,135.729,15,1,6,23.611,140.666,15,22.486,140.666,15,1440702
1440396,170,Room Name 170,L 1,81.094,742.827,22.715,135.729,15,1,7,22.486,140.666,15,22.486,140.333,15,
1440396,170,Room Name 170,L 1,81.094,742.827,22.715,135.729,15,1,8,22.486,140.333,15,18.215,140.333,15,2168568
1440397,171,Room Name 171,L 1,80.719,739.081,32.382,135.729,15,1,1,27.882,140.333,15,27.882,131.364,15,1249332
1440397,171,Room Name 171,L 1,80.719,739.081,32.382,135.729,15,1,2,27.882,131.364,15,36.882,131.364,15,2193600
1440397,171,Room Name 171,L 1,80.719,739.081,32.382,135.729,15,1,3,36.882,131.364,15,36.882,140.333,15,1249372
1440397,171,Room Name 171,L 1,80.719,739.081,32.382,135.729,15,1,4,36.882,140.333,15,27.882,140.333,15,2169090
1440398,172,Room Name 172,L 1,80.906,740.954,42.048,135.729,15,1,1,37.548,140.666,15,37.548,131.364,15,1249372
1440398,172,Room Name 172,L 1,80.906,740.954,42.048,135.729,15,1,2,37.548,131.364,15,46.548,131.364,15,2193600
1440398,172,Room Name 172,L 1,80.906,740.954,42.048,135.729,15,1,3,46.548,131.364,15,46.548,140.333,15,1249405
1440398,172,Room Name 172,L 1,80.906,740.954,42.048,135.729,15,1,4,46.548,140.333,15,38.111,140.333,15,2169589
1440398,172,Room Name 172,L 1,80.906,740.954,42.048,135.729,15,1,5,38.111,140.333,15,38.111,140.666,15,
1440398,172,Room Name 172,L 1,80.906,740.954,42.048,135.729,15,1,6,38.111,140.666,15,37.548,140.666,15,1440702
1440399,173,Room Name 173,L 1,81.094,742.905,51.715,135.729,15,1,1,47.215,140.333,15,47.215,131.364,15,1249405
1440399,173,Room Name 173,L 1,81.094,742.905,51.715,135.729,15,1,2,47.215,131.364,15,56.215,131.364,15,2193801
1440399,173,Room Name 173,L 1,81.094,742.905,51.715,135.729,15,1,3,56.215,131.364,15,56.215,140.333,15,1249438
1440399,173,Room Name 173,L 1,81.094,742.905,51.715,135.729,15,1,4,56.215,140.333,15,52.611,140.333,15,2169746
1440399,173,Room Name 173,L 1,81.094,742.905,51.715,135.729,15,1,5,52.611,140.333,15,52.611,140.666,15,
1440399,173,Room Name 173,L 1,81.094,742.905,51.715,135.729,15,1,6,52.611,140.666,15,51.486,140.666,15,1440702
1440399,173,Room Name 173,L 1,81.094,742.905,51.715,135.729,15,1,7,51.486,140.666,15,51.486,140.333,15,
1440399,173,Room Name 173,L 1,81.094,742.905,51.715,135.729,15,1,8,51.486,140.333,15,47.215,140.333,15,2169589
1440400,174,Room Name 174,L 1,80.719,739.159,61.382,135.729,15,1,1,56.882,140.333,15,56.882,131.364,15,1249438
1440400,174,Room Name 174,L 1,80.719,739.159,61.382,135.729,15,1,2,56.882,131.364,15,65.882,131.364,15,2193801
1440400,174,Room Name 174,L 1,80.719,739.159,61.382,135.729,15,1,3,65.882,131.364,15,65.882,140.333,15,1249463
1440400,174,Room Name 174,L 1,80.719,739.159,61.382,135.729,15,1,4,65.882,140.333,15,56.882,140.333,15,2169746
1440401,175,Room Name 175,L 1,80.906,741.032,71.048,135.729,15,1,1,66.548,140.666,15,66.548,131.364,15,1249463
1440401,175,Room Name 175,L 1,80.906,741.032,71.048,135.729,15,1,2,66.548,131.364,15,75.548,131.364,15,2193801
1440401,175,Room Name 175,L 1,80.906,741.032,71.048,135.729,15,1,3,75.548,131.364,15,75.548,140.333,15,1249493
1440401,175,Room Name 175,L 1,80.906,741.032,71.048,135.729,15,1,4,75.548,140.333,15,67.111,140.333,15,2169836
1440401,175,Room Name 175,L 1,80.906,741.032,71.048,135.729,15,1,5,67.111,140.333,15,67.111,140.666,15,
1440401,175,Room Name 175,L 1,80.906,741.032,71.048,135.729,15,1,6,67.111,140.666,15,66.548,140.666,15,1440702
1440402,176,Room Name 176,L 1,81.094,742.905,80.715,135.729,15,1,1,76.215,140.333,15,76.215,131.364,15,1249493
1440402,176,Room Name 176,L 1,81.094,742.905,80.715,135.729,15,1,2,76.215,131.364,15,85.215,131.364,15,2194057
1440402,176,Room Name 176,L 1,81.094,742.905,80.715,135.729,15,1,3,85.215,131.364,15,85.215,140.333,15,1249530
1440402,176,Room Name 176,L 1,81.094,742.905,80.715,135.729,15,1,4,85.215,140.333,15,81.611,140.333,15,2170012
1440402,176,Room Name 176,L 1,81.094,742.905,80.715,135.729,15,1,5,81.611,140.333,15,81.611,140.666,15,
1440402,176,Room Name 176,L 1,81.094,742.905,80.715,135.729,15,1,6,81.611,140.666,15,80.486,140.666,15,1440702
1440402,176,Room Name 176,L 1,81.094,742.905,80.715,135.729,15,1,7,80.486,140.666,15,80.486,140.333,15,
1440402,176,Room Name 176,L 1,81.094,742.905,80.715,135.729,15,1,8,80.486,140.333,15,76.215,140.333,15,2169836
1440403,177,Room Name 177,L 1,80.719,739.159,90.382,135.729,15,1,1,85.882,140.333,15,85.882,131.364,15,1249530
1440403,177,Room Name 177,L 1,80.719,739.159,90.382,135.729,15,1,2,85.882,131.364,15,94.882,131.364,15,2194057
1440403,177,Room Name 177,L 1,80.719,739.159,90.382,135.729,15,1,3,94.882,131.364,15,94.882,140.333,15,1249558
1440403,177,Room Name 177,L 1,80.719,739.159,90.382,135.729,15,1,4,94.882,140.333,15,85.882,140.333,15,2170012
1440404,178,Room Name 178,L 1,80.906,740.954,100.048,135.729,15,1,1,95.548,140.666,15,95.548,131.364,15,1249558
1440404,178,Room Name 178,L 1,80.906,740.954,100.048,135.729,15,1,2,95.548,131.364,15,104.548,131.364,15,2194057
1440404,178,Room Name 178,L 1,80.906,740.954,100.048,135.729,15,1,3,104.548,131.364,15,104.548,140.333,15,1249706
1440404,178,Room Name 178,L 1,80.906,740.954,100.048,135.729,15,1,4,104.548,140.333,15,96.111,140.333,15,2170228
1440404,178,Room Name 178,L 1,80.906,740.954,100.048,135.729,15,1,5,96.111,140.333,15,96.111,140.666,15,
1440404,178,Room Name 178,L 1,80.906,740.954,100.048,135.729,15,1,6,96.111,140.666,15,95.548,140.666,15,1440702
1440405,179,Room Name 179,L 1,83.708,766.535,119.548,135.729,15,1,1,114.882,140.333,15,114.882,131.364,15,1249741
1440405,179,Room Name 179,L 1,83.708,766.535,119.548,135.729,15,1,2,114.882,131.364,15,124.215,131.364,15,2194387
1440405,179,Room Name 179,L 1,83.708,766.535,119.548,135.729,15,1,3,124.215,131.364,15,124.215,140.333,15,1250299
1440405,179,Room Name 179,L 1,83.708,766.535,119.548,135.729,15,1,4,124.215,140.333,15,114.882,140.333,15,2169420
1440406,180,Room Name 180,L 1,81.094,742.905,109.715,135.729,15,1,1,105.215,140.333,15,105.215,131.364,15,1249706
1440406,180,Room Name 180,L 1,81.094,742.905,109.715,135.729,15,1,2,105.215,131.364,15,114.215,131.364,15,2194387
1440406,180,Room Name 180,L 1,81.094,742.905,109.715,135.729,15,1,3,114.215,131.364,15,114.215,140.333,15,1249741
1440406,180,Room Name 180,L 1,81.094,742.905,109.715,135.729,15,1,4,114.215,140.333,15,110.611,140.333,15,2169420
1440406,180,Room Name 180,L 1,81.094,742.905,109.715,135.729,15,1,5,110.611,140.333,15,110.611,140.666,15,
1440406,180,Room Name 180,L 1,81.094,742.905,109.715,135.729,15,1,6,110.611,140.666,15,109.486,140.666,15,1440702
1440406,180,Room Name 180,L 1,81.094,742.905,109.715,135.729,15,1,7,109.486,140.666,15,109.486,140.333,15,
1440406,180,Room Name 180,L 1,81.094,742.905,109.715,135.729,15,1,8,109.486,140.333,15,105.215,140.333,15,2170228
1773267,199,Room Name 199,L 1,72.201,653.086,64.548,191.416,15,1,1,66.548,184.166,15,66.548,198.666,15,1441527
1773267,199,Room Name 199,L 1,72.201,653.086,64.548,191.416,15,1,2,66.548,198.666,15,65.986,198.666,15,1441645
1773267,199,Room Name 199,L 1,72.201,653.086,64.548,191.416,15,1,3,65.986,198.666,15,65.986,198.333,15,
1773267,199,Room Name 199,L 1,72.201,653.086,64.548,191.416,15,1,4,65.986,198.333,15,61.465,198.333,15,2619379
1773267,199,Room Name 199,L 1,72.201,653.086,64.548,191.416,15,1,5,61.465,198.333,15,61.465,184.166,15,1526221
1773267,199,Room Name 199,L 1,72.201,653.086,64.548,191.416,15,1,6,61.465,184.166,15,66.548,184.166,15,2008766
1773269,201,Room Name 201,L 1,71.472,656.819,30.298,152.583,15,1,1,23.382,155.166,15,23.382,149.999,15,1324711
1773269,201,Room Name 201,L 1,71.472,656.819,30.298,152.583,15,1,2,23.382,149.999,15,37.215,149.999,15,1525472
1773269,201,Room Name 201,L 1,71.472,656.819,30.298,152.583,15,1,3,37.215,149.999,15,37.215,155.166,15,1525501
1773269,201,Room Name 201,L 1,71.472,656.819,30.298,152.583,15,1,4,37.215,155.166,15,23.382,155.166,15,1442026
1773270,202,Room Name 202,L 1,81.655,748.526,129.215,135.749,15,1,1,124.882,140.333,15,124.882,131.249,15,1250299
1773270,202,Room Name 202,L 1,81.655,748.526,129.215,135.749,15,1,2,124.882,131.249,15,133.871,131.249,15,1440837
1773270,202,Room Name 202,L 1,81.655,748.526,129.215,135.749,15,1,3,133.871,131.249,15,133.871,140.333,15,1525036
1773270,202,Room Name 202,L 1,81.655,748.526,129.215,135.749,15,1,4,133.871,140.333,15,124.882,140.333,15,1525073
1773274,206,Room Name 206,L 1,128.388,1181.208,129.847,191.437,15,1,1,124.548,198.322,15,124.548,198.104,15,1441167
1773274,206,Room Name 206,L 1,128.388,1181.208,129.847,191.437,15,1,2,124.548,198.104,15,125.112,198.104,15,
1773274,206,Room Name 206,L 1,128.388,1181.208,129.847,191.437,15,1,3,125.112,198.104,15,125.112,197.249,15,2213793
1773274,206,Room Name 206,L 1,128.388,1181.208,129.847,191.437,15,1,4,125.112,197.249,15,124.548,197.249,15,
1773274,206,Room Name 206,L 1,128.388,1181.208,129.847,191.437,15,1,5,124.548,197.249,15,124.548,184.499,15,1441167
1773274,206,Room Name 206,L 1,128.388,1181.208,129.847,191.437,15,1,6,124.548,184.499,15,133.871,184.499,15,1623960
1773274,206,Room Name 206,L 1,128.388,1181.208,129.847,191.437,15,1,7,133.871,184.499,15,133.871,198.322,15,1946858
1773274,206,Room Name 206,L 1,128.388,1181.208,129.847,191.437,15,1,8,133.871,198.322,15,125.117,198.322,15,1946656
1773274,206,Room Name 206,L 1,128.388,1181.208,129.847,191.437,15,1,9,125.117,198.322,15,124.548,198.322,15,1946656
1773278,210,Room Name 210,L 1,137.347,1264.284,117.298,164.749,15,1,1,110.382,169.666,15,110.382,159.833,15,1379208
1773278,210,Room Name 210,L 1,137.347,1264.284,117.298,164.749,15,1,2,110.382,159.833,15,124.444,159.833,15,1442249
1773278,210,Room Name 210,L 1,137.347,1264.284,117.298,164.749,15,1,3,124.444,159.833,15,124.548,159.833,15,1442249
1773278,210,Room Name 210,L 1,137.347,1264.284,117.298,164.749,15,1,4,124.548,159.833,15,124.548,168.249,15,1442250
1773278,210,Room Name 210,L 1,137.347,1264.284,117.298,164.749,15,1,5,124.548,168.249,15,124.548,169.104,15,1442250
1773278,210,Room Name 210,L 1,137.347,1264.284,117.298,164.749,15,1,6,124.548,169.104,15,124.548,169.666,15,1442250
1773278,210,Room Name 210,L 1,137.347,1264.284,117.298,164.749,15,1,7,124.548,169.666,15,123.986,169.666,15,1442247
1773278,210,Room Name 210,L 1,137.347,1264.284,117.298,164.749,15,1,8,123.986,169.666,15,123.986,169.333,15,
1773278,210,Room Name 210,L 1,137.347,1264.284,117.298,164.749,15,1,9,123.986,169.333,15,118.965,169.333,15,1885961
1773278,210,Room Name 210,L 1,137.347,1264.284,117.298,164.749,15,1,10,118.965,169.333,15,118.965,169.666,15,
1773278,210,Room Name 210,L 1,137.347,1264.284,117.298,164.749,15,1,11,118.965,169.666,15,111.465,169.666,15,1442247
1773278,210,Room Name 210,L 1,137.347,1264.284,117.298,164.749,15,1,12,111.465,169.666,15,111.465,169.333,15,
1773278,210,Room Name 210,L 1,137.347,1264.284,117.298,164.749,15,1,13,111.465,169.333,15,110.611,169.333,15,1887184
1773278,210,Room Name 210,L 1,137.347,1264.284,117.298,164.749,15,1,14,110.611,169.333,15,110.611,169.666,15,
1773278,210,Room Name 210,L 1,137.347,1264.284,117.298,164.749,15,1,15,110.611,169.666,15,110.382,169.666,15,1442247
1773440,211,Room Name 211,L 1,143.434,1290.128,83.425,191.273,15,1,1,88.069,198.333,15,77.473,198.333,15,1773412
1773440,211,Room Name 211,L 1,143.434,1290.128,83.425,191.273,15,1,2,77.473,198.333,15,77.473,184.499,15,1773413
1773440,211,Room Name 211,L 1,143.434,1290.128,83.425,191.273,15,1,3,77.473,184.499,15,88.069,184.499,15,1773414
1773440,211,Room Name 211,L 1,143.434,1290.128,83.425,191.273,15,1,4,88.069,184.499,15,88.069,188.062,15,2181467
1773440,211,Room Name 211,L 1,143.434,1290.128,83.425,191.273,15,1,5,88.069,188.062,15,83.361,188.062,15,2182227
1773440,211,Room Name 211,L 1,143.434,1290.128,83.425,191.273,15,1,6,83.361,188.062,15,83.361,188.729,15,
1773440,211,Room Name 211,L 1,143.434,1290.128,83.425,191.273,15,1,7,83.361,188.729,15,88.069,188.729,15,2182227
1773440,211,Room Name 211,L 1,143.434,1290.128,83.425,191.273,15,1,8,88.069,188.729,15,88.069,198.333,15,2181467
